token,web_url,title,posted_time_text,location,mileage_text_raw,mileage_km,year_text,color,brand_model_text,gearbox,fuel_type,base_price_text_raw,base_price_toman,engine_condition,chassis_front_condition,chassis_rear_condition,body_condition,gearbox_condition,description,scraped_at
gaY-06or,https://divar.ir/v/gaY-06or,پژو ۴۰۵ انژکتور عروسک,۳ هفته پیش در تهران، وردآورد، خ برجعلی,tehran، vardavard,۱۹۲۰۰۰,192000,۱۳۸۱ - ۲۰۰۲,یشمی,پژو 405 GLX بنزینی,دنده‌ای,بنزین,"‏۵۰۵,۰۰۰,۰۰۰ تومان",505000000,سالم,سالم و پلمپ,سالم و پلمپ,سالم و بی‌خط و خش,سالم و پلمپ,"خودرو سالها خواب بوده و کارکرد واقعی میباشد..
۴ لکه رنگ دورش طبق کارشناسی
بسیار تمیز و سالم ...بدون مشابه 
بدون ذره ای پوسیدگی
بیمه ۶ ماه..معاینه فنی یکسال
فنی و سواری بسیار عالی .

آردی الان ۴۵۰ میگن این خودرو ۴۰۵ انژکتور هست.

داخل سالن و اتاق دیدنی .

معاوضه با گران تر هم دارم .........

عکسها گویای حقیقت.

شاسی های جلو پلمپ ..عقب خوردگی جزعی
باتشکر از بازدید کنندگان محترم و دیوار عزیز..

بازدید ..  شهرقدس.",2026-09-26T01:38:13.966908
ga2eZpPC,https://divar.ir/v/ga2eZpPC,آردی مدل 78 لوازمی,۶ ساعت پیش در تهران، خواجه نصیر طوسی، خ آمل,tehran، eshrat-abad,۲۷۰۰۰۰,270000,۱۳۷۸ - ۱۹۹۹,سبز,پژو آر دی (RD) بنزینی,دنده‌ای,بنزین,"‏۵۰۰,۰۰۰,۰۰۰ تومان",500000000,سالم,سالم و پلمپ,سالم و پلمپ,خط و خش جزیی,سالم و پلمپ,"ماشین مدل 1378 کم کار و بدون رنگ (خط و خش جزئی)
جوان پسند 
فنی کاملا سالم و بی صدا موتور مثل ساعت کار میکنه 
شاسی پلمپ بلبرینگ چرخ ها تازه سرویس شده 
لوازم: 
رینگ و لاستیک سایز ۱۴ جلو ۱۰۰ ،عقب ۸۵ درصد 
اگزوز HKS
هدرز و سنتر 
و رم ایر 
روکش صندلی طبی چرم
روکش فرمان چرم اصل 
آینه کاپریسی چراغ دار 
دودی ۱۵ درصد uv
چراغ های جلو و عقب مدرن اسپورت 
هدلایت دوحالته بسیار قوی 
پشه بند پیانویی 
لیپ سپر جلو سامورایی 
چراغ های داخل LED
کمک و فنر اسپورت لنزو (ماشین ارتفاع داره)",2026-09-26T01:38:23.962204
gafVFw6B,https://divar.ir/v/gafVFw6B,خریدفروش حواله خودرو,۲ ماه پیش در تهران، گیشا، خ شهید احمدی خلجی,tehran، gisha,۳۶۳۰۰۰,363000,۱۳۶۸ - ۱۹۸۹,آبی,پژو آر دی (RD) بنزینی,,بنزین,"‏۸۰۰,۰۰۰,۰۰۰ تومان",800000000,تعیین‌نشده,تعیین‌نشده,تعیین‌نشده,دوررنگ,,"به نام خداوند 


سلام",2026-09-26T01:38:36.071593
gakGyrbG,https://divar.ir/v/gakGyrbG,آردی اساقطی و انواع خودرو فرسوده,۲ هفته پیش در تهران، هاشم‌آباد، خ عابدی,tehran، hashem-abad,۲۵۸۱۷۳,258173,۱۳۸۱ - ۲۰۰۲,یشمی,پژو آر دی (RD) بنزینی,,بنزین,"‏۱۵۰,۰۰۰,۰۰۰ تومان",150000000,تعیین‌نشده,تعیین‌نشده,تعیین‌نشده,اوراقی,,"☑️اسقاط انواع سواری پیکان،پراید،آردی،روآ،آردی و...
✅انواع وانت پیکان،مزدا،نیسان
☑️نیسان ۳۸۰۰ کامیونت ون
✅انواع کشنده و اتوبوس مینی بوس
☑️تسویه حساب بالا آرین قیمت نقدی و آنی
✅فک پلاک ۲۰روزه توسط پلیس راهور
☑️امکان خرید حضوری توسط کارشناس شرکت
(تهران و حومه)
✅اراعه نامه اسقاط توسط شرکت به فروشنده",2026-09-26T01:39:19.183712
ga26F3Ax,https://divar.ir/v/ga26F3Ax,پژو اردی سالم آخر 85,۱۰ ساعت پیش در تهران، ستارخان، خ رحیمی اصل,tehran، sattarkhan,۱۸۰,180,۱۳۸۵ - ۲۰۰۶,سرمه‌ای,پژو آر دی آی (RDi) بنزینی,دنده‌ای,بنزین,"‏۴۰۰,۰۰۰,۰۰۰ تومان",400000000,سالم,سالم و پلمپ,سالم و پلمپ,خط و خش جزیی,سالم و پلمپ,پژو اردی مدل اخر85 سرمه ای سالم عقب جلو سقف بدون تصادف فنی سواری عالی بیمه 11ماه معاینه دارد کم مصرف بی سر صدا می‌باشد سند دست اول کم کار 180 کیلومتر,2026-09-26T01:39:34.956935
ga22lcLm,https://divar.ir/v/ga22lcLm,آردی شاسی سالم زیر قیمت,۱۰ ساعت پیش در تهران، اقدسیه (شهرری)، بلوار غلامی,tehran، aghadasiye,۳۵۵۰۰۰,355000,۱۳۸۲ - ۲۰۰۳,یشمی,پژو آر دی (RD) بنزینی,دنده‌ای,بنزین,"‏۲۳۸,۰۰۰,۰۰۰ تومان",238000000,سالم,سالم و پلمپ,سالم و پلمپ,رنگ‌شدگی در ۳ ناحیه,سالم و پلمپ,"با سلام 
اتاق سالم و بدون صدا 
شاسی ها سالم 
فنی خوب و نرم 
دو برگ سند (از سال ۹۱ تا الان دست یک نفر)
معاینه یکسال کارت سوخت فعال 
 فروشنده واقعی و زیر قیمت فقط به خریدار محترم 
لطفاً نمایشگاهی تماس نگیرد 
با سپاس",2026-09-26T01:39:42.312697
gatSkiFT,https://divar.ir/v/gatSkiFT,پژو آردی مدل 83,هفته پیش در تهران، خلازیر,tehran، khalazir,۲۸۵۶۸۷,285687,۱۳۸۳ - ۲۰۰۴,طوسی,پژو آر دی (RD) بنزینی,دنده‌ای,بنزین,"‏۲۴۸,۰۰۰,۰۰۰ تومان",248000000,سالم,سالم و پلمپ,سالم و پلمپ,رنگ‌شدگی در ۱ ناحیه,سالم و پلمپ,اردی مدل 83 انژکتور فرمون هیدرولیک شاستی عقب جلو پلمپ بدنه یه درب رنگه الباقی ماشین بی رنگ فنی فوق‌العاده سالم موتور تازه تعمیر گیربکس فوق‌العاده سالم بدون زوزه ضبط و باند داره بیمه یکسال کامل معاینه فنیم یکسال کامل بخاری سالم داخل کابین بدون سرو صدا رنگ طوسی باز سوالی بود در خدمتم قفل مرکزی سالم خیلی بهتر از پراید کف قیمت پول اسقاط گذاشتم تخفیف در حد شیرینی خودرو بدون هزارم تومان خرج 24ساعت با ضمانت تحویل میدم فنی ماشین و,2026-09-26T01:40:22.527084
ga2KU3yP,https://divar.ir/v/ga2KU3yP,خودرو اردی روا,۱۲ ساعت پیش در تهران، جوادیه تهرانپارس، میدان والفجر,tehran، javadiyeh-tehran-pars,۲۰۰۰۰۰,200000,۱۳۸۸ - ۲۰۰۹,نقره‌ای,پژو آر دی (RD) بنزینی,دنده‌ای,بنزین,"‏۴۰۰,۰۰۰,۰۰۰ تومان",400000000,سالم,سالم و پلمپ,سالم و پلمپ,رنگ‌شدگی در ۲ ناحیه,سالم و پلمپ,تنها نقص ماشین دو تیکه رنگ در در عقب و یه خورده افتاب سوختگی,2026-09-26T01:40:31.601370
gaAijYzz,https://divar.ir/v/gaAijYzz,اردی ۸۴,ماه پیش در تهران، اکباتان، میدان هگمتانه,tehran، ekbatan,۲۸۰۰۰۰,280000,۱۳۸۴ - ۲۰۰۵,یشمی,پژو آر دی آی (RDi) بنزینی,دنده‌ای,بنزین,"‏۳۵۰,۰۰۰,۰۰۰ تومان",350000000,سالم,سالم و پلمپ,سالم و پلمپ,خط و خش جزیی,سالم و پلمپ,"ماشین تمیز خانگی همه کاراش انجام شده 
گیربکس تعمیر شده 
روکش صندلی نو 
بدون روغن ریزی و روغن سوزی 
شاسی پلمپ بدون تصادف 
ماشین ریمپ شده شتاب عالی 
گاردون تابگیری شده 
صدا گیری کامل اتاق انجام شده اتاق کیپ 
لاستیک ها ۸۰درصد 
کفی ۳بعدی 
چراغ های جلو ماشین عوض شده چون زرد شده بودن نو شدن 
کمک ها‌ تعویض شده 
جلو بندی کامل تعویض شده 
دیسک و صفحه ترکیه ای 
فلایویل تعویض شده 
بلبرینگ ته میلنگ عوض شده 
سیم گاز 
سیم کلاچ 
‌با مشتری راه میام
پمپ هیدرولیک سرویس کامل شده 
با موتور معاوضه میشود
لطفا مقایسه کنید در خدمتم",2026-09-26T01:41:51.752105
ga12K2Co,https://divar.ir/v/ga12K2Co,پژو آردی هیدرولیک فنی سالم فروش فوری قیمت موتور,۲۳ ساعت پیش در تهران، زهتابی، خ جهاد,tehran، zehtabi,۴۰۳۰۰۰,403000,۱۳۸۴ - ۲۰۰۵,سایر,پژو آر دی (RD) بنزینی,دنده‌ای,بنزین,"‏۲۵۸,۰۰۰,۰۰۰ تومان",258000000,سالم,سالم و پلمپ,سالم و پلمپ,دوررنگ,سالم و پلمپ,"درود..... بخونید فروش نقدی 
موتور سالم 
ادوار برقی همه سالم 
وتمام لوازماش نو ودر6ماه گذشته 
تعویض شده......شمع سوزنی باطری و...نو
رادیات نووتمام لوازم های داخل موتور تعویض شده سیم کشی همگی تعویض شده..مدارک کامل 
بیمه 11ماه
معاینه فنی 11ماه
زیرپای ماشین نسبت به مدل عالی وپرشتاپ
صفحه کلاچ شتاب عالی و تعویض شده 
دف بدون کوچیک ترین زوزه..
شاسی عقب و جلو سالم تصادف نداشته 
شاسی ترک واز زیرخوردگی داره که تاثیری ندارد
داخل ماشین روکش کفی دو فرمون و....درحدخودش تمیز..
ظبط پنل ولشخور آی یو ایکس و باند کنوود
سپرشب عیدتعویض شده
بخاری سالم اما کولر باید گازشود لوازم هاش هست 
یکم خورده خرج داره که اونم من وقت نکردم و همون اول کار هرکسی خواست یه دستی لازمه 
درکل ماشین کار راه انداز و خوبیه 
و بنده دلال و نمایشگاه دار نیستم یاحق
بازدید=بازخرید=تعویض پلاک",2026-09-26T01:41:58.798117
ga1OFsgb,https://divar.ir/v/ga1OFsgb,پژو اردی ۸۵ توضیحات خوانده,دیروز در تهران، هروی، خ مکران جنوبی,tehran، heravi,۲۶۷۰۰۰,267000,۱۳۸۵ - ۲۰۰۶,یشمی,پژو آر دی (RD) بنزینی,دنده‌ای,بنزین,"‏۲۵۰,۰۰۰,۰۰۰ تومان",250000000,سالم,ضربه‌خورده,سالم و پلمپ,رنگ‌شدگی در ۱ ناحیه,سالم و پلمپ,"موتور کامل تعمیر اساسی شده‌ صفر تا صد 
دیسک و صفحه نو دینام نو واشر سر سیلندر رینگ پیستون کوئل نو و …..عکس فاکتور بخشی از خرج
همه قطعاتش نو و خوب بسته شده حدود ۸۰ تومن خرجش شده با فاکتور یکم خورده کار ظاهری و فنی که پایین نوشتم وقتو جاشو ندارم
رنگ دو سه لکه داره دقیق نمیدونم کجاشه عقب پلمپ جلو یه شاسی جلو جوش داره
بیمه و‌لاستیک ندارد هیدرولیک نیازمند سرویس کولر نصبه نیازمند راه اندازی
بدلیل ورثه ایی بودن خواب بوده وگنه قبلشم روشن میشد ماشین خاکی و بلا استفاده هست
قیمت مقطوع برای تخفیف تماس نگیرین
هرچی هزینه داشت کم کردم تخفیفشم دادم از قبل",2026-09-26T01:42:06.526940
ga1akZ2S,https://divar.ir/v/ga1akZ2S,پژو آردی مدل ۸۳ انژکتور هیدرولیک,دیروز در تهران، امام حسین، خ اسماعیلی,tehran، emam-hossein,۲۳۲۰۰۰,232000,۱۳۸۳ - ۲۰۰۴,طوسی,پژو آر دی آی (RDi) بنزینی,دنده‌ای,بنزین,"‏۲۳۵,۰۰۰,۰۰۰ تومان",235000000,سالم,ضربه‌خورده,سالم و پلمپ,دوررنگ,سالم و پلمپ,"پژو RDi مدل ۸۳ – انژکتور، فرمان هیدرولیک

فروش پژو RDi مدل ۸۳، انژکتور، فرمان هیدرولیک
بیمه و معاینه فنی تا خرداد سال آینده

وضعیت فنی:
موتور و سواری اوکی، همه چی جعبه
کولر فعال نیست
شاسی عقب سالم
شاسی جلو جوش داره (قبلاً همینطور خریداری شده)

قطعات تازه تعویض شده:
شمع و وایر تازه عوض شده
باتری تازه عوض شده
کارتل، پولس، روغن ترمز، واسکازین و... تازه انجام شده

بدنه و ظاهر:
دور تا دور ماشین جاهای زنگ‌زده رو با رنگ خودش لکه‌گیری کردم
بعضی جاها که نیاز به صافکاری داشته انجام شده
روش ضبط داره

قیمت: ۲۳۵ میلیون تومان

وضعیت ماشین همینه که گفتم، شفاف و صادقانه. برای کسی که دنبال ماشین کارراه‌انداز با قیمت مناسب باشه، گزینه خوبیه دیگه پول یه موتور هست

تهران
برای اطلاعات بیشتر پیام بدید یا تماس بگیرید.",2026-09-26T01:43:06.721748
ga1WkL0Y,https://divar.ir/v/ga1WkL0Y,پژو آردی مدل ۸۴,دیروز در تهران، مرزداران، بلوار خرم‌رودی,tehran، marzdaran,۲۶۰۰۰۰,260000,۱۳۸۴ - ۲۰۰۵,یشمی,پژو آر دی آی (RDi) بنزینی,دنده‌ای,بنزین,"‏۲۶۰,۰۰۰,۰۰۰ تومان",260000000,نیاز به تعمیر,سالم و پلمپ,سالم و پلمپ,رنگ‌شدگی در ۱ ناحیه,سالم و پلمپ,"سلام.
پژو آردی مدل ۸۴ رنگ یشمی هستش.
کارکردش حدود ۲۶۰/۰۰۰ تا هستش.
بیمه هم تا آخر سال داره یعنی ۶ ماه داره.
ماشینم دیروز بعلت اتصالی آتیش گرفت و اون عکسی که از موتور گرفتم و اون سفیدی که هستش بخاطر کپسول آتش‌نشانی هستش که روش زدیم طبق عکسا مشخصه اطراف موتور سیم کشی ها سوخته ولی موتور آسیبی ندیده واتاق و شاسی ماشین سالمه. طبق عکسا برگه کارشناسی هم داره و کاپوت هم طبق عکس یخورده سوختگی داره میخام ماشینو همینطوری بفروشم و قیمتی که گذاشتم با مشتری واقعی را میام و بصورت توافقی هستش.
ممنونم.",2026-09-26T01:43:17.941871
ga1Cx3nC,https://divar.ir/v/ga1Cx3nC,اردی مدل۸۳,دیروز در کرمان، خ هفده شهریور,,۲۴۰۰۰,24000,۱۳۸۳ - ۲۰۰۴,یشمی,پژو آر دی (RD) بنزینی,دنده‌ای,بنزین,"‏۵۵۰,۰۰۰,۰۰۰ تومان",550000000,سالم,سالم و پلمپ,سالم و پلمپ,سالم و بی‌خط و خش,سالم و پلمپ,بدون ضربه بدون رنگ زاپاس نخورده ۲۴تا کار کرده سندتک برگ درحدصفر,2026-09-26T01:44:13.721465
ga0yPERA,https://divar.ir/v/ga0yPERA,پژو آردی مدل ۸۴,دیروز در تهران، شهید بهشتی، جاده گلحصار,tehran، shahid-beheshti-rey,۴۹۶۰۰۰,496000,۱۳۸۴ - ۲۰۰۵,یشمی,پژو آر دی آی (RDi) بنزینی,دنده‌ای,بنزین,"‏۲۲۰,۰۰۰,۰۰۰ تومان",220000000,نیاز به تعمیر,رنگ‌شده,سالم و پلمپ,دوررنگ,تعمیر شده,"موتور روغن ریزی داره❌
مقداری کمپرس هم داره❌
سقف و ستون پلمپ✅
دوررنگ❌
بیمه ۱۰ ماه✅
معاینه فنی نداره❌",2026-09-26T01:44:20.027162
ga0uf6M4,https://divar.ir/v/ga0uf6M4,پژو اردی 84 سلامت,دیروز در تهران، دردشت، خ قاسمی,tehran، dardasht,۱۴۰۰۰۰,140000,۱۳۸۴ - ۲۰۰۵,یشمی,پژو آر دی آی (RDi) بنزینی,دنده‌ای,بنزین,"‏۴۱۰,۰۰۰,۰۰۰ تومان",410000000,سالم,سالم و پلمپ,سالم و پلمپ,خط و خش جزیی,سالم و پلمپ,ماشین سلامت کامل از لحاظ بدنه و شاسی و فنی کاملا سالم بدون رنگ مناسب مصرف کننده,2026-09-26T01:44:28.110031
gav-862s,https://divar.ir/v/gav-862s,پژو آردی مدل ۸۱ بیرنگ,۵ روز پیش در تهران، طرشت,tehran، tarasht,۳۰۰۰۰۰,300000,۱۳۸۱ - ۲۰۰۲,عدسی,پژو آر دی (RD) بنزینی,دنده‌ای,بنزین,"‏۲۴۹,۰۰۰,۰۰۰ تومان",249000000,سالم,سالم و پلمپ,سالم و پلمپ,سالم و بی‌خط و خش,تعمیر شده,آردی مدل ۸۱ بیرنگ بسیار سالم فنی در حد نو ۱۲۰ میلیون فاکتور موتور موجوده تازه همه چیش تعمیر شده استثنایی بسیار سالم و تمیز بیمه ۷ ماه خلاصه ماشین بسیار سالم می‌باشد,2026-09-26T01:45:11.931987
ganiAKEI,https://divar.ir/v/ganiAKEI,آردی مدل ۸۴,هفته پیش در تهران، پرستار، میدان سیزده آبان,tehran، parastar,۲۳۰۰۰۰,230000,۱۳۸۴ - ۲۰۰۵,یشمی,پژو آر دی (RD) بنزینی,دنده‌ای,بنزین,"‏۳۲۰,۰۰۰,۰۰۰ تومان",320000000,سالم,سالم و پلمپ,سالم و پلمپ,خط و خش جزیی,سالم و پلمپ,"شاسی ها پلمپ 
کفی سه بعدی 
فرمون هیدرولیک
دیسک و صفحه نو
فنی  سلامت 
لنت ترمز عقب و جلو تعویض شده 
بیمه و معاینه فنی تا آخر سال دارد 
کارکرد   230  تا
قیمت  320  میلیون تومن",2026-09-26T01:45:20.988822
ga0K_UHk,https://divar.ir/v/ga0K_UHk,پژو آردی مدل۸۳,دیروز در تهران، امام حسین، خ مهراب بیگی,tehran، emam-hossein,۲۳۲۰۰۰,232000,۱۳۸۳ - ۲۰۰۴,طوسی,پژو آر دی آی (RDi) بنزینی,دنده‌ای,بنزین,"‏۲۳۵,۰۰۰,۰۰۰ تومان",235000000,سالم,ضربه‌خورده,سالم و پلمپ,خط و خش جزیی,سالم و پلمپ,"پژو RDi مدل ۸۳ (اخر ۸۲)– انژکتور، فرمان هیدرولیک

فروش پژو RDi مدل ۸۳، انژکتور، فرمان هیدرولیک
بیمه و معاینه فنی تا خرداد سال آینده

وضعیت فنی:
موتور و سواری اوکی، همه چی جعبه
کولر فعال نیست
شاسی عقب سالم
شاسی جلو جوش داره (قبلاً همینطور خریداری شده)

قطعات تازه تعویض شده:
شمع و وایر تازه عوض شده
باتری تازه عوض شده
کارتل، پولس، روغن ترمز، واسکازین و... تازه انجام شده

بدنه و ظاهر:
دور تا دور ماشین جاهای زنگ‌زده رو با رنگ خودش لکه‌گیری کردم به اسم دور رنگ میفروشم
بعضی جاها که نیاز به صافکاری داشته انجام شده
روش ضبط داره

قیمت: ۲۳۵ میلیون تومان

وضعیت ماشین همینه که گفتم، شفاف و صادقانه. برای کسی که دنبال ماشین کارراه‌انداز با قیمت مناسب باشه، گزینه خوبیه با این مبلغ موتور هم نمیدن.

 تهران
 برای اطلاعات بیشتر پیام بدید یا تماس بگیرید.",2026-09-26T01:45:30.471231
gaeuMkpa,https://divar.ir/v/gaeuMkpa,آردی  نقد و اقساط,۲ هفته پیش در تهران، شهرک شریعتی,tehran، shaharak-e-shariyati,۳۲۰۰۰۰,320000,۱۳۸۲ - ۲۰۰۳,سبز,پژو آر دی (RD) بنزینی,دنده‌ای,بنزین,"‏۳۲۵,۰۰۰,۰۰۰ تومان",325000000,سالم,سالم و پلمپ,سالم و پلمپ,رنگ‌شدگی در ۱ ناحیه,تعمیر شده,"نقد واقساط 
چند لکه رنگ  شاستیها سالم 

فنی سالم سالم

نقد و اقساط عالی",2026-09-26T01:46:14.234362
ga0eA6qy,https://divar.ir/v/ga0eA6qy,پژو آردی مدل ۸۴,پریروز در تهران، مجیدآباد، خ تهرانی,tehran، majid-abad,۱۹۰۰۰۰,190000,۱۳۸۴ - ۲۰۰۵,یشمی,پژو آر دی آی (RDi) بنزینی,دنده‌ای,بنزین,"‏۳۵۰,۰۰۰,۰۰۰ تومان",350000000,سالم,سالم و پلمپ,سالم و پلمپ,سالم و بی‌خط و خش,سالم و پلمپ,"آردی آخر۸۴
سند تک برگ
بدون تصادف سالم سالم

کارکرد واقعی ۱۹۰ هزار

پیامک جوابگو نیستم،فقط تماس


قیمت مقطوع",2026-09-26T01:46:23.349311
gaz6r4Pq,https://divar.ir/v/gaz6r4Pq,پژو آردی مدل 84,پریروز در تهران، شهید رجایی، خ مفتح شمالی,tehran، eslam-abad,۲۲۵۰۰۰,225000,۱۳۸۴ - ۲۰۰۵,سفید,پژو آر دی (RD) بنزینی,دنده‌ای,بنزین,"‏۲۶۸,۰۰۰,۰۰۰ تومان",268000000,سالم,تعیین‌نشده,تعیین‌نشده,دوررنگ,,"فنی سالم
دور رنگ 
ضبط بلوتوثی 
آماده مسافرت
پول موتورم نیست
انژکتور 
فرمون هیدرولیک",2026-09-26T01:46:34.243308
gayytM5f,https://divar.ir/v/gayytM5f,پژو اردی,۳ روز پیش در تهران، باغ فیض، خ خجسته پور,tehran، bagh-feyz,۲۶۰۰۰۰,260000,۱۳۸۶ - ۲۰۰۷,یشمی,پژو آر دی (RD) بنزینی,دنده‌ای,بنزین,"‏۲۸۰,۰۰۰,۰۰۰ تومان",280000000,سالم,سالم و پلمپ,سالم و پلمپ,خط و خش جزیی,سالم و پلمپ,"مدل84
260تا کار
شاسی ها و سینی ها سالم 
بدنه خوردگی و خط خش جزئی 
ماشین بدونه تصادف و از لحاظ فنی در سلامت کامل هست",2026-09-26T01:47:26.178330
gay2XlQn,https://divar.ir/v/gay2XlQn,پژو اردی ای,۳ روز پیش در تهران، والفجر (افسریه)، بلوار قائم,tehran، valfajr-afsarieh,۲۵۰۰۰۰,250000,۱۳۸۵ - ۲۰۰۶,یشمی,پژو آر دی آی (RDi) بنزینی,دنده‌ای,بنزین,"‏۲۶۵,۰۰۰,۰۰۰ تومان",265000000,سالم,رنگ‌شده,سالم و پلمپ,سالم و بی‌خط و خش,سالم و پلمپ,فنی بسیار سالم ظاهری سالم وبیخرجه تودوزی مرتب ولاستیکها هشتاد درصد وبرای زیبایی صندوق عقبشو پژوئی کردم خلاصه بگم ماشینه خوبیه بدلیل نیاز مالی میفروشمش پول یه موتور هندا هم نیست,2026-09-26T01:47:35.550903
gayuquzK,https://divar.ir/v/gayuquzK,تاکسی گردشی تهران,۳ روز پیش در تهران، فرودگاه مهرآباد، بزرگراه شهید سعیدی,tehran، mehrabad-airport,۱۵۵۰۰۰,155000,۱۳۸۳ - ۲۰۰۴,سفید,پژو آر دی (RD) بنزینی,دنده‌ای,بنزین,"‏۴۲۰,۰۰۰,۰۰۰ تومان",420000000,سالم,سالم و پلمپ,سالم و پلمپ,سالم و بی‌خط و خش,سالم و پلمپ,پژو اردی مدل 83سالم کارکرد واقعی 155تا ماشین کار نکرده شخصی مدتی استفاده شده خط گردشی تهران سند دودست چرخیده بنرین 400لیتر 1500ت400لیتر 3000ت,2026-09-26T01:48:34.327348
gayiaGHd,https://divar.ir/v/gayiaGHd,آردی,۳ روز پیش در تهران، جابری,tehran، jaberi,۲۹۰۰۰۰,290000,۱۳۸۵ - ۲۰۰۶,سبز,پژو آر دی (RD) بنزینی,دنده‌ای,بنزین,"‏۴۰۰,۰۰۰,۰۰۰ تومان",400000000,سالم,ضربه‌خورده,سالم و پلمپ,سالم و بی‌خط و خش,تعمیر شده,آردی مدل 85برندهاز سایپا امتیاز فرسوده سهندs,2026-09-26T01:48:41.620064
gay-GgJA,https://divar.ir/v/gay-GgJA,پژو اردی تصادفی,۳ روز پیش در تهران، حر، خ اعلمی اشتهاردی,tehran، hor-square,۲۵۰۰۰,25000,۱۳۸۳ - ۲۰۰۴,یشمی,پژو آر دی (RD) دوگانه سوز CNG,دنده‌ای,دوگانه‌سوز دستی,"‏۲۲۰,۰۰۰,۰۰۰ تومان",220000000,سالم,سالم و پلمپ,ضربه‌خورده,تصادفی,تعمیر شده,پژو اردی موتور و شاسی سالم,2026-09-26T01:48:48.812351
gamKIlMy,https://divar.ir/v/gamKIlMy,پژو انژکتور اردی نقد اقساط معاوضه,هفته پیش در تهران، تهرانپارس غربی، کنارگذر زفرقندی,tehran، west-tehranpars,۵۰۰۰۰,50000,۱۳۸۳ - ۲۰۰۴,یشمی,پژو آر دی آی (RDi) بنزینی,,بنزین,"‏۳۸۰,۰۰۰,۰۰۰ تومان",380000000,سالم,سالم و پلمپ,سالم و پلمپ,دوررنگ,,"فروش نقد اقساط پژو اردی 83انژکتور عکس ها متعلق ب ماشین هست بسیار تمیز
فنی موتوریرسلامت 
موتور سال ۱۴۰۱ تعویض شده موتور روا روش انداختم 
ثبت در سند بدون مشکل 
روغن موتور گیبربکس ودف همه نو شده
بهمراه فیلترها
لاستیک های جلو نو عقب 80 درصد
لنتها نو
بیمه معاینه فعال اطراف رنگ شدگی داره ک نسبت بمدل طبیعی هست
شاسی سمت شاگرد قبلن ضربه داشته درست شده باقی سالم پلمپ
فروش نقدی واقساطی هم دارم
معاوض با پراید دنده اتومات دارم 
معاوض با ماشین ارزانتر دارم",2026-09-26T01:49:38.156319
gan68NxW,https://divar.ir/v/gan68NxW,اردی مدل ۸۵ کولر روشن,هفته پیش در تهران، کن، خ شهدای کن,tehran، kan,۴۶۰۰۰۰,460000,۱۳۸۵ - ۲۰۰۶,یشمی,پژو آر دی آی (RDi) بنزینی,دنده‌ای,بنزین,"‏۲۶۵,۰۰۰,۰۰۰ تومان",265000000,سالم,ضربه‌خورده,تعیین‌نشده,دوررنگ,نیاز به تعمیر جزئی,"با سلام 
اردی ای مدل ۸۵ 
چراغ جلو ها نو 
خوش رخ 
درب صندوق ۴۰۵ی 
لاستیک ها ۸۰ ، ۹۰ درصد 
بیمه تا برج ۱۲ معاینه یک سال 
کولر روشن
گیربوکس در حال تعمیرر و صحیح سالم تحویل داده می‌شود 
ظبط و باند با کیفیت 
موتور سالم بدون روغن سوزی و ریزی 
شاسی یه طرف جزئی خورده 
مدارک آماده 
مناسب مصرف کننده 
پیام و تماس در خدمتم 
یا حق",2026-09-26T01:49:45.280738
gapqF2ic,https://divar.ir/v/gapqF2ic,پژو آدری آی  یشمی مدل ۸۴,هفته پیش در تهران، ازگل، خ شهید تاج محرابی,tehran، ozgol,۴۱۸۰۰۰,418000,۱۳۸۴ - ۲۰۰۵,یشمی,پژو آر دی آی (RDi) بنزینی,دنده‌ای,بنزین,"‏۲۸۵,۰۰۰,۰۰۰ تومان",285000000,سالم,سالم و پلمپ,سالم و پلمپ,خط و خش جزیی,سالم و پلمپ,پژو سواری آردی آی سبز یشمی مدل ۱۳۸۴ بنزینی دارای بیمه تا برج یک سال بعد معاینه فنی تا ۸/۱۴ امسال ضبط فلش و سی دی خور مارشال فنی مرتب. خودرو بیشتر بدون رنگ می باشد. ولی مناسب است که جهت زیبایی دور رنگ گردد.,2026-09-26T01:50:41.343997
gaxKnw--,https://divar.ir/v/gaxKnw--,پرو آردی مدل ۱۳۸۴,۴ روز پیش در تهران، خاک سفید، خ بیستم غربی,tehran، khak-sefid,۴۱۷۸۳۸,417838,۱۳۸۴ - ۲۰۰۵,یشمی,پژو آر دی (RD) دوگانه سوز CNG,دنده‌ای,دوگانه‌سوز شرکتی,"‏۲۲۰,۰۰۰,۰۰۰ تومان",220000000,سالم,ضربه‌خورده,سالم و پلمپ,خط و خش جزیی,سالم و پلمپ,کاپوت برگشته شیشه جلو ترک داره دوتیکه ازسقف گورشده یکم کاپوت گور داره  شاستی جلو ضربه داره جای کمک عقب پوسیده بود درست کردم,2026-09-26T01:50:50.741596
gaYKVYUR,https://divar.ir/v/gaYKVYUR,آردی 1600 فنی سالم,۳ هفته پیش در تهران، تهرانسر شمالی، خ دوم,tehran، tehransar-shomali,۲۵۰۰۰۰,250000,۱۳۸۴ - ۲۰۰۵,یشمی,پژو آر دی آی (RDi) بنزینی,دنده‌ای,بنزین,"‏۲۹۵,۰۰۰,۰۰۰ تومان",295000000,سالم,سالم و پلمپ,تعیین‌نشده,رنگ‌شدگی در ۱ ناحیه,سالم و پلمپ,"با سلام
آردی 1600 سالم سند تک برگ
فنی سالم به شرط
موتور پلمپ
گیربکس پلمپ
4 حلقه لاستیک 14 نو

با تشکر.",2026-09-26T01:51:02.419556
gawWvim0,https://divar.ir/v/gawWvim0,ماشین اردی اتژکتور,۴ روز پیش در تهران، علم و صنعت، خ صادقی,tehran، elm-o-sanat,۲۵۰۰۰۰,250000,۱۳۸۳ - ۲۰۰۴,یشمی,پژو آر دی (RD) بنزینی,دنده‌ای,بنزین,"‏۲۶۰,۰۰۰,۰۰۰ تومان",260000000,سالم,سالم و پلمپ,سالم و پلمپ,رنگ‌شدگی در ۲ ناحیه,,"ماشین سالم تعویضی ها انجام شده
شاسی ها سالم 
کاپوت تعویض دو گلگیر عقب رنگ دارد",2026-09-26T01:51:56.571975
gawO-qvF,https://divar.ir/v/gawO-qvF,پژو اردی مدل ۸۳,۴ روز پیش در تهران، تاکسیرانی، بلوار نبرد,tehran، taxirani,۲۰۵۰۰۰,205000,۱۳۸۳ - ۲۰۰۴,یشمی,پژو آر دی آی (RDi) بنزینی,دنده‌ای,بنزین,"‏۲۶۵,۰۰۰,۰۰۰ تومان",265000000,سالم,ضربه‌خورده,سالم و پلمپ,رنگ‌شدگی در ۵ ناحیه,سالم و پلمپ,"بیمه یکسال دارد 
طرح اسقاط هم ثبت نام شده است 
کولر دار و انژکتور و هیدرولیک دارد 
فنی سواری مرتب است
بدون آفتاب سوختگی 
تک برگ سند کیلومتر به شرط",2026-09-26T01:52:06.096638
gat6HbTt,https://divar.ir/v/gat6HbTt,پژو اردی 78,هفته پیش در تهران، شهرک آتی شهر,tehran، shahrak-ati-shahr,۱۰۰۰۰۰,100000,۱۳۷۸ - ۱۹۹۹,عدسی,پژو آر دی (RD) بنزینی,دنده‌ای,بنزین,"‏۲۰۰,۰۰۰,۰۰۰ تومان",200000000,نیاز به تعمیر,سالم و پلمپ,سالم و پلمپ,دوررنگ,,"اتاق سالم بدون ضربه خوردگی
موتور باز می‌باشد تموم وسایل موتو ر نوع خریداری شده 
ماشین زیر افتاب بوده و رنگش سوخته",2026-09-26T01:52:14.408561
gaw2lncO,https://divar.ir/v/gaw2lncO,آردی مدل ۸۳ موتور تعمیر اساسی,۴ روز پیش در تهران، فیروزآبادی، خ خان محمدی,tehran، firuzabadi,۲۰۰۰۰۰,200000,۱۳۸۳ - ۲۰۰۴,یشمی,پژو آر دی (RD) بنزینی,دنده‌ای,بنزین,"‏۲۳۰,۰۰۰,۰۰۰ تومان",230000000,سالم,ضربه‌خورده,سالم و پلمپ,رنگ‌شدگی در ۱ ناحیه,سالم و پلمپ,ماشین موتور نو بیمه تا برج ۸,2026-09-26T01:52:59.519256
gawW0pUq,https://divar.ir/v/gawW0pUq,پژو آردی مدل۸۴کارکرد۱۶۰,۵ روز پیش در تهران، تهرانسر شرقی، خ صداقت,tehran، tehransar,۱۶۰۰۰۰,160000,۱۳۸۴ - ۲۰۰۵,یشمی,پژو آر دی آی (RDi) بنزینی,دنده‌ای,بنزین,"‏۳۷۶,۰۰۰,۰۰۰ تومان",376000000,سالم,سالم و پلمپ,سالم و پلمپ,رنگ‌شدگی در ۲ ناحیه,سالم و پلمپ,"ماشین بسیارعالی خوب سالم و سلامت
کلا ۱۶۰تا کارکرده
کولر روشن فنی عالی شاسی سالم بدون آفتاب سوختگی چون در پارکینگ مسقف بوده 
ماشین ۱۶۰تا کار واقعی 
۱شاسی ها سالم فقط گلگیر و کاپوت رنگ می باشد
مدارک آماده انتقال کارت سوخت فعال
به صورت ۲۴ساعته پاسخگو میباشم اگر گوشی در دسترس نبود یا پاسخگو نبودم پیام بگذارید خودم تماس میگیرم در اسرع وقت 
در کمال ادب و احترام فراوان با توجه به شرایط خودرو قیمت کاملا مقطوع مقطوع مقطوع می باشد",2026-09-26T01:53:06.508134
gaw2z_NY,https://divar.ir/v/gaw2z_NY,پژو اردی مدل ۸۴,۵ روز پیش در تهران، جوانمرد قصاب، خ فعله گری,tehran، javanmard-ghassab,۸۴۰۰۰۰,840000,۱۳۸۴ - ۲۰۰۵,یشمی,پژو آر دی (RD) دوگانه سوز CNG,دنده‌ای,بنزین,"‏۲۱۰,۰۰۰,۰۰۰ تومان",210000000,سالم,ضربه‌خورده,سالم و پلمپ,دوررنگ,سالم و پلمپ,مدل ۸۴.دور رنگ.شاسی جلوش ضربه خورده. عقب پلمپ.موتوریش به شرط سلامت میدم‌.بیمه تفاخر یازده داره.ماشین پارکینگ امین اباده.,2026-09-26T01:53:18.374761
gawei4M_,https://divar.ir/v/gawei4M_,پژو آردی ۸۳ دوگانه دستی,۵ روز پیش در تهران، شمیران‌نو، خ بیست متری شمیران نو,tehran، shemiran-no,۲۰۰۰۰۰,200000,۱۳۸۳ - ۲۰۰۴,یشمی,پژو آر دی (RD) دوگانه سوز CNG,دنده‌ای,دوگانه‌سوز دستی,"‏۲۱۰,۰۰۰,۰۰۰ تومان",210000000,نیاز به تعمیر,تعیین‌نشده,سالم و پلمپ,خط و خش جزیی,سالم و پلمپ,ماشین فقط نیاز به تعمیر واشر سر سیلندر دارد در حال حاضر روشن و قابل استفاده هستش ولی کمی کمپرس دارد,2026-09-26T01:54:03.284346
gavisKnj,https://divar.ir/v/gavisKnj,پژو آردی سالم مدل ۸۴,۵ روز پیش در تهران، هاشم‌آباد (شهرری)، خ سلمان فارسی,tehran، hashemabad,۳۳۹۰۰۰,339000,۱۳۸۴ - ۲۰۰۵,یشمی,پژو آر دی آی (RDi) بنزینی,دنده‌ای,بنزین,"‏۲۹۸,۰۰۰,۰۰۰ تومان",298000000,سالم,سالم و پلمپ,سالم و پلمپ,خط و خش جزیی,سالم و پلمپ,"با سلام

پژو آردی مدل ۱۳۸۴ موتور سالم 
لاستیک ۱۰۰ درصد ، بیمه ، معاینه فنی
خط و خش جزئی چند لکه رنگ بابت زیبایی
شیشه جلو ترک دارد.
لواسانی",2026-09-26T01:54:10.371569
gav2JFZY,https://divar.ir/v/gav2JFZY,پژو آردی سالم,۵ روز پیش در تهران، هروی، خ بوستان نهم,tehran، heravi,۲۲۰۰۰۰,220000,۱۳۸۳ - ۲۰۰۴,یشمی,پژو آر دی (RD) بنزینی,دنده‌ای,بنزین,"‏۲۸۰,۰۰۰,۰۰۰ تومان",280000000,سالم,سالم و پلمپ,سالم و پلمپ,دوررنگ,سالم و پلمپ,"آردی مدل ۸۳ شاسی پلمپ فنی سالم  
۹ماه بیمه
کارکرد 220000",2026-09-26T01:55:06.597708
gafK8Byr,https://divar.ir/v/gafK8Byr,آردی مدل ۸۵,۲ هفته پیش در تهران، توحید، خ شادمهر,tehran، tohid,۴۰۰۰۰۰,400000,۱۳۸۵ - ۲۰۰۶,مشکی,پژو آر دی (RD) بنزینی,دنده‌ای,بنزین,"‏۲۶۵,۰۰۰,۰۰۰ تومان",265000000,سالم,تعیین‌نشده,تعیین‌نشده,تمام‌رنگ,,سلام فنی سواری خوب,2026-09-26T01:55:15.299746
gae-Lufi,https://divar.ir/v/gae-Lufi,پژو اردی,۲ هفته پیش در تهران، نارمک,tehran، narmak,۲۶۰۰۰۰,260000,۱۳۸۴ - ۲۰۰۵,یشمی,پژو آر دی (RD) دوگانه سوز CNG,دنده‌ای,بنزین,"‏۳۲۰,۰۰۰,۰۰۰ تومان",320000000,سالم,سالم و پلمپ,سالم و پلمپ,سالم و بی‌خط و خش,سالم و پلمپ,سند دست دوم تمامی لوازم فابریک ۱۰سال خواب بوده کلنا ماشین سالم از لحاظ فنی سالم بدون صدا  کولر روشن حتی رادیاتور آب هم فابریک کارکرد ۲۶۰۰۰۰کیلومتر,2026-09-26T01:55:22.717979
gauCMw1q,https://divar.ir/v/gauCMw1q,آردی مدل ۸۴,۶ روز پیش در تهران، اقدسیه (شهرری)، خ رمضانی,tehran، aghadasiye,۱۰۰۰,1000,۱۳۸۴ - ۲۰۰۵,سایر,پژو آر دی (RD) بنزینی,دنده‌ای,بنزین,"‏۲۹۵,۰۰۰,۰۰۰ تومان",295000000,سالم,ضربه‌خورده,سالم و پلمپ,دوررنگ,,سلام آردی مدل ۸۴ دوره لکه رنگ که من به دوره رنگ میدم که جلو عقب رنگ نداره فنی سالم بیمه تا برج ۱۴۰۶.۲ هست شاسی جلو یه کوچلو ترک داشت که جوش زدن جلو عقب پلمپ .,2026-09-26T01:56:23.611309
gauaLGpc,https://divar.ir/v/gauaLGpc,پژو اردی ای,۶ روز پیش در تهران، جهاد,tehran، jahad,۲۵۵۰۰۰,255000,۱۳۸۵ - ۲۰۰۶,نوک‌مدادی,پژو آر دی (RD) دوگانه سوز CNG,دنده‌ای,دوگانه‌سوز دستی,"‏۴۱۰,۰۰۰,۰۰۰ تومان",410000000,سالم,سالم و پلمپ,سالم و پلمپ,رنگ‌شدگی در ۳ ناحیه,سالم و پلمپ,"پژو اردی ای مدل 85 
دوگانه دستی 
شاسی عقب و جلو بدون جوش و ضربه 
دو لکه رنگ به خاطر مالیدگی
کارکرد 255
باطری نو 
گاز کولر فول یخچال
بدون روغن سوزی
بیمه کامل
معاینه کامل 
کارت سوخت و مدارک کامل 
لاستیک عقب و جلو 90 درصد 
بدون افتاب سوختگی 
ماشین فیس 405 
چراغ جلو و عقب و سپر ها پژو slx شده 
اینه های بغل slx
چراغ جلو دارای لنز میباشد 
ماشین بدون هیچ توضیح اضافی  
مصرفی ها همه تعویض شده همراه با فاکتور 
ماشین بدون درد سر 
پول یه موتوره داری ماشین سواری میشی 
به علت بدهی دارم میفروشم با ماشین های ترکیده دیوار مقایسه نکنید ماشین مصرف کننده بوده به مصرف کننده ام میفروشم خریدار خیرشو ببینه 
توضیحات کامله خریدار واقعه ای زنگ بزنه ممنونم",2026-09-26T01:56:35.959524
gauS4sUe,https://divar.ir/v/gauS4sUe,پژو اردی,۶ روز پیش در تهران، خاک سفید,tehran، khak-sefid,۲۶۰۰۰۰,260000,۱۳۸۲ - ۲۰۰۳,یشمی,پژو آر دی (RD) بنزینی,دنده‌ای,بنزین,"‏۲۸۵,۰۰۰,۰۰۰ تومان",285000000,سالم,سالم و پلمپ,سالم و پلمپ,دوررنگ,تعمیر شده,"با سلام 
پژو آردی مدل ۸۲ دور رنگ شاسی سالم فقط 
سمت شاگرد جلو سر چراغی خورده اصلا فرمون نمی‌کشه به شرط تست  بیمه یک سال چند روز پیش بیمه کردم معاینه فنی یک سال .
کولر فعال هیدرولیک تازه سرویس شده بدون روغن ریزی .
گیربکس تازه تعمیر شده اساسی 
جلو بندی سالم بدون صدای اضافه 
انجین سالم بدون روغن ریزی یا روغن سوزی 
تک استارت روشن  ماشین واقعا سالمه 
فروش به علت نیاز مالی",2026-09-26T01:56:43.634187
gau2XUjR,https://divar.ir/v/gau2XUjR,پژو آردی مدل 84 بدون رنگ,۶ روز پیش در تهران، علم و صنعت، خ دانشگاه علم و صنعت,tehran، elm-o-sanat,۱۴۵۰۰۰,145000,۱۳۸۴ - ۲۰۰۵,سبز,پژو آر دی (RD) بنزینی,دنده‌ای,بنزین,"‏۴۲۰,۰۰۰,۰۰۰ تومان",420000000,سالم,سالم و پلمپ,سالم و پلمپ,سالم و بی‌خط و خش,سالم و پلمپ,با سلام ماشین بدون رنگ شدگی و تعویض میباشد شاسی ها بدون ظربه آفتاب سوختگی ندارد بیمه ۶ ماه فنی موتوری یک هیدرولیک کولر بخاری سالم,2026-09-26T02:00:17.970893
gapSk8Fk,https://divar.ir/v/gapSk8Fk,پژو آردی مدل۱۳۸۳,هفته پیش در تهران، قصر فیروزه ۲,tehran، qasr-e-firooze-do,۵۱۰۰۰۰,510000,۱۳۸۳ - ۲۰۰۴,سبز,پژو آر دی (RD) دوگانه سوز CNG,دنده‌ای,دوگانه‌سوز دستی,"‏۲۵۸,۰۰۰,۰۰۰ تومان",258000000,سالم,ضربه‌خورده,تعیین‌نشده,رنگ‌شدگی در ۳ ناحیه,سالم و پلمپ,درود خدمت تمام دوستان پژو آردی مدل ۸۳رنگ وضربه برابر برگه کارشناسی در برنامه دیوار بیمه تقریبا۵ماه معاینه فنی تقریبا۷ماه دوگانه دست کپسول بزرگ سلامت خودرودارای خرج ظاهری میباشد وسایل مصرفی اکثرا تعویض شده دوستان عزیز در صورت نیاز به خرید فقط تماس چت وپیام بعلت موقعیت شغلی پاسخگو نیستم ساعت بازدید از ۱۰صبح تا ۱۰شب در خدمتم درب منزل.ضمنا تخفیف جزئی,2026-09-26T02:02:59.582021
gatapqeW,https://divar.ir/v/gatapqeW,پژو آردی,هفته پیش در تهران، خاک سفید,tehran، khak-sefid,۲۹۰۰۰۰,290000,۱۳۷۹ - ۲۰۰۰,عدسی,پژو آر دی آی (RDi) بنزینی,دنده‌ای,بنزین,"‏۲۵۰,۰۰۰,۰۰۰ تومان",250000000,سالم,تعیین‌نشده,تعیین‌نشده,دوررنگ,تعمیر شده,ماشین فوق‌العاده تمیز است موتور گیربکس ودف جلوبندی سالم ۱۳ میلیون تازه لاستیک گرفتم بیمه هم تا برج ۴ سال آینده داره معاینه فنی هم تازه گرفتم  هر لحظه میتونی روشن کنی بری مسافرت,2026-09-26T02:03:06.558169
gatGWA57,https://divar.ir/v/gatGWA57,پزو روا  ب جرعت یکی از سالم ترین,هفته پیش در تهران، خزانه,tehran، khazaneh,۱۸۰۰۰۰,180000,۱۳۸۷ - ۲۰۰۸,طوسی,پژو آر دی (RD) بنزینی,دنده‌ای,بنزین,"‏۴۷۰,۰۰۰,۰۰۰ تومان",470000000,سالم,سالم و پلمپ,سالم و پلمپ,رنگ‌شدگی در ۱ ناحیه,سالم و پلمپ,"ازسند دست اول تک برگ هستم                       حر لحاظ  موتوری بدون بخار روغن سوزی کم کردن روغن ادوات برقی همگی سالم  کولر یخ بدون آمپر کشیدن 
از لحاظ بدنه عقب جلو پلم بلم حتی ظربه ترافیکی ندا ره بدون آفتاب سوختگی یا کچلی بدون رنگ دور توقه جوفت گل گیرا عقب رنگ جزئی داره
درضمن دوستان نقد واقتصاد داده میشه",2026-09-26T02:03:15.093450
gat-huqQ,https://divar.ir/v/gat-huqQ,rd فروشی,هفته پیش در تهران، طرشت، خ حسین‌مردی شمالی,tehran، tarasht,۲۴۵۰۰۰,245000,۱۳۸۴ - ۲۰۰۵,یشمی,پژو آر دی آی (RDi) بنزینی,دنده‌ای,بنزین,"‏۲۵۰,۰۰۰,۰۰۰ تومان",250000000,سالم,ضربه‌خورده,ضربه‌خورده,تمام‌رنگ,,"مدل 84
رادیات نو
دینام نو
ضبط نمایشی 
سنسور دنده عقب
لاستیک حلو80
لاستیک عقب50
توضیحات کامله لطفاً تماس الکی نگیرید 
تخفیف نداره
دیفرانسیل نو
گیربکس تعمیر شده",2026-09-26T02:04:08.874972
gatKQkVb,https://divar.ir/v/gatKQkVb,فروش آردی ۸۳,هفته پیش در تهران، ابوذر، بلوار ابوذر,tehran، abouzar,۳۰۰۰۰۰,300000,۱۳۸۳ - ۲۰۰۴,یشمی,پژو آر دی آی (RDi) بنزینی,دنده‌ای,بنزین,"‏۲۸۵,۰۰۰,۰۰۰ تومان",285000000,تعیین‌نشده,تعیین‌نشده,تعیین‌نشده,رنگ‌شدگی در ۱ ناحیه,,"فروش آردی ۸۳
۲ سال خوابیده",2026-09-26T02:04:18.681458
gasm-LYX,https://divar.ir/v/gasm-LYX,پژو اردی RDi,هفته پیش در تهران، شهرک استقلال، خ دهم,tehran، shaharak-e-esteqlal,۳۲۰۰۰۰,320000,۱۳۸۳ - ۲۰۰۴,یشمی,پژو آر دی آی (RDi) بنزینی,دنده‌ای,بنزین,"‏۲۷۵,۰۰۰,۰۰۰ تومان",275000000,سالم,سالم و پلمپ,سالم و پلمپ,خط و خش جزیی,سالم و پلمپ,"باسلام
اردی مدل ۸۳ موتور تازه تعمیر بشرط کارشناسی شما
شاسی عقب جلو پلمپ دولکه رنگ جزئی لاستیک ها نوکف صندوق بدون پوسیدگی  بدون یک قطره روغن ریزی  فرمان هیدرولیک نرم نرم",2026-09-26T02:05:19.193306
gaeWIdij,https://divar.ir/v/gaeWIdij,فروش حواله خودروشمابامآ,۲ هفته پیش در تهران، مرزداران، خ یگانه شرقی,tehran، marzdaran,۵۵۰۰۰,55000,۱۳۹۵ - ۲۰۱۶,سفید,پژو آر دی (RD) بنزینی,,بنزین,"‏۱,۰۰۰,۰۰۰,۰۰۰ تومان",1000000000,نیاز به تعمیر,تعیین‌نشده,تعیین‌نشده,خط و خش جزیی,,"باسلام

تشکرازدیوار

تماس",2026-09-26T02:05:30.722331
gas2s5UV,https://divar.ir/v/gas2s5UV,پژو آردی مدل ۸۲ رنگ یشمی,هفته پیش در تهران، اتابک، خ حسینی,tehran، atabak,۳۵۰۰۰۰,350000,۱۳۸۲ - ۲۰۰۳,یشمی,پژو آر دی آی (RDi) بنزینی,دنده‌ای,بنزین,"‏۲۷۰,۰۰۰,۰۰۰ تومان",270000000,سالم,سالم و پلمپ,سالم و پلمپ,رنگ‌شدگی در ۲ ناحیه,تعمیر شده,"سلام 
چهار حلقه لاستیک نو
گیربکس تازه تعمیر
بیمه تا برج ۱۱
رنگ شدگی در دو ناحیه
شاسی سالم",2026-09-26T02:06:58.851986
gasS0b6r,https://divar.ir/v/gasS0b6r,پژو آردی,هفته پیش در تهران، استخر,tehran، estakhr,۳۵۰۰۰۰,350000,۱۳۸۱ - ۲۰۰۲,عدسی,پژو آر دی (RD) بنزینی,دنده‌ای,بنزین,"‏۲۴۰,۰۰۰,۰۰۰ تومان",240000000,سالم,سالم و پلمپ,سالم و پلمپ,سالم و بی‌خط و خش,,پژو آردی مدل ۸۱ ماشین ۱۵ سال خواب بوده فنی سالم بیمه هم ۶ ماه داره,2026-09-26T02:07:09.222203
gar29POx,https://divar.ir/v/gar29POx,آردی 84 ترتمیز بدون رنگ سالمم,هفته پیش در تهران، استاد معین، خ میرقاسمی,tehran، ostad-moein,۴۱۰۰۰۰,410000,۱۳۸۴ - ۲۰۰۵,یشمی,پژو آر دی (RD) دوگانه سوز CNG,دنده‌ای,دوگانه‌سوز دستی,"‏۳۳۸,۰۰۰,۰۰۰ تومان",338000000,سالم,سالم و پلمپ,سالم و پلمپ,خط و خش جزیی,سالم و پلمپ,"مدلش 84 بدون رنگ شاستی ها پلمپ
ماشین فنی گیربکس همه چیش سالم بدون هیچ ایرادی هیچ هزینه ای نداره دوگانه هست ماشین 
از هر نظری بگیری از پراید خیلی بهتر قیمتش از ی پراید کمتر 
ماشین بدون سرو صدا و سالم..پول لازمم تخفیف جزئی هم داره….",2026-09-26T02:08:05.006749
garmqqKs,https://divar.ir/v/garmqqKs,پژو آردی مدل 84,هفته پیش در تهران، شوش (باغ آذری)، خ میثاق,tehran، baq-e-azari,۲۸۰۰۰۰,280000,۱۳۸۴ - ۲۰۰۵,یشمی,پژو آر دی (RD) بنزینی,دنده‌ای,بنزین,"‏۴۱۰,۰۰۰,۰۰۰ تومان",410000000,سالم,سالم و پلمپ,سالم و پلمپ,خط و خش جزیی,سالم و پلمپ,"درود بر شما 
پژو آردی مدل 84 فنی به شرط سالم بدون روغن سوزی .  روغن ریزی داشت درستش کردم 15ملیون .
استارت دینام سرویس شده
  زنجیر موتور تسمه ها  تعویض شده 
گلگیرجلو چپ و قسمتی از درب راننده رنگ و قسمتی از گلگیر عقب راست بالای لاستیک رنگ .
مابقی سقف ستون کاپوت صندوق بیرنگ .
شاسی عقب جلو پلمپ دست نخورده 
لاستیک جلو نو انداختم، عقب 70درصد .
ماشینه سرپاییه ببینید متوجه میشوید .
پوله یه موتور هونداس 
داخل کابین تمیز و مرتب 
بیمه 12 ماه . کارت سوخت فعال .
سند آماده انتقال 
محل بازدید صب تا بعداز ظهر بازار شوش هستم 
شب گلستان قلعه میر 
باتشکر .",2026-09-26T02:08:11.147808
garSaKcK,https://divar.ir/v/garSaKcK,پژواردی,هفته پیش در تهران، هفده شهریور، خ هاشم سرحدی,tehran، kooye-e-hefdahom-e-shahrivar,۱۲۷۰۰۰,127000,۱۳۸۲ - ۲۰۰۳,یشمی,پژو آر دی (RD) بنزینی,دنده‌ای,بنزین,"‏۲۵۰,۰۰۰,۰۰۰ تومان",250000000,سالم,سالم و پلمپ,سالم و پلمپ,تصادفی,سالم و پلمپ,"جنگ‌زده ۱۲۷۰۰۰کارکردواقعی‌دیسک‌صفحه‌پمپ‌بنزین‌واترپمپ‌۲ماه‌قبل‌جنگ‌تعویض‌شده‌ستونها‌شاسی‌عقب‌جلو
سالم‌ودستنخورده‌مناسب‌باز‌سازی‌یاتبدیل",2026-09-26T02:08:20.557628
gaQihJk-,https://divar.ir/v/gaQihJk-,پژو آردی سالم کم کار,۴ هفته پیش در تهران، جیحون، خ قصرالدشت,tehran، jeyhoun,۲۱۲۰۰۰,212000,۱۳۸۵ - ۲۰۰۶,سبز,پژو آر دی آی (RDi) بنزینی,دنده‌ای,بنزین,"‏۲۷۵,۰۰۰,۰۰۰ تومان",275000000,سالم,سالم و پلمپ,سالم و پلمپ,خط و خش جزیی,سالم و پلمپ,"سلام
ماشین کم کار تک برگ سند یه لکه رنگه
هیدرولیک 
کولر
شیشه برقی
فنی سالم
در کل ماشین خیلی خوبیه
معاوضه با تاکسی هم قیمت",2026-09-26T02:09:12.488288
garKHdjg,https://divar.ir/v/garKHdjg,پژو آردی سالم دوگانهCNG,هفته پیش در تهران، حمزه‌آباد,tehran، hamzeabad,۳۰۰۰۶,30006,۱۳۸۵ - ۲۰۰۶,آبی,پژو آر دی (RD) دوگانه سوز CNG,دنده‌ای,دوگانه‌سوز شرکتی,"‏۳۸۵,۰۰۰,۰۰۰ تومان",385000000,سالم,سالم و پلمپ,سالم و پلمپ,رنگ‌شدگی در ۱ ناحیه,سالم و پلمپ,با سلام ماشین فنی سالم دوگانه سوز میباشد . ۶ ماه بیمه دارد. سند تک برگ ، ۴ حلقه لاستیک ۸۰ درصد، ماشین بی رنگ فقط یک گلگیر رنگ میباشد.خریدار واقعی تو چت پیام بذاره،ممنون از برنامه ی خوب دیوار,2026-09-26T02:09:21.606660
gaqOXoUN,https://divar.ir/v/gaqOXoUN,پژو آردی مدل ۸۱ فنی سالم بدونه تصادف,هفته پیش در تهران، شمیران‌نو، خ کامکار,tehran، shemiran-no,۱۰۰۰۰۰۰,1000000,۱۳۸۱ - ۲۰۰۲,یشمی,پژو آر دی (RD) دوگانه سوز CNG,دنده‌ای,دوگانه‌سوز دستی,"‏۳۳۰,۰۰۰,۰۰۰ تومان",330000000,سالم,سالم و پلمپ,سالم و پلمپ,سالم و بی‌خط و خش,سالم و پلمپ,پژو آردی مدل ۸۱فوق العاده سالم بدونه تصادف دوگانه سوز فوری فروشی,2026-09-26T02:10:55.101552
gaqO2sVJ,https://divar.ir/v/gaqO2sVJ,ار دی فول در حد صفر,هفته پیش در تهران، سازمان برنامه جنوبی، بلوار ناصر حجازی,tehran، sazman-barname-jonubi,۶۰۰۰۰,60000,۱۳۸۳ - ۲۰۰۴,سبز,پژو آر دی (RD) بنزینی,دنده‌ای,بنزین,"‏۷۰۰,۰۰۰,۰۰۰ تومان",700000000,سالم,سالم و پلمپ,سالم و پلمپ,سالم و بی‌خط و خش,سالم و پلمپ,"مدل ۸۳ بدون رنگ 
کارکرد ۶۰ تا
هیدرولیک .کولر.انژکتور
لاستیک خارجی ۹۵ درصد 
برچسبای فابریک ماشین هنوز روشه 
فوق العاده تمیز",2026-09-26T02:11:01.737018
galm0Y9f,https://divar.ir/v/galm0Y9f,اردی ۸۴ سفید اقساط بدون سود,هفته پیش در تهران، اباذر، خ حاجی زاده,tehran، aboozar,۲۵۰۰۰۰,250000,۱۳۸۴ - ۲۰۰۵,سفید,پژو آر دی آی (RDi) بنزینی,دنده‌ای,بنزین,"‏۳۲۰,۰۰۰,۰۰۰ تومان",320000000,سالم,ضربه‌خورده,سالم و پلمپ,دوررنگ,سالم و پلمپ,"موتور گیربکس سالم
بدنه چند لکه رنگ به اسم دوررنگ میدم
سقف ستون سالم
شاسی سالم بدون ضرب
شاسی جلو جوش ترک دارد جزیی
بیمه ۳ ماه
قیمت اگهی قیمت کل می باشد 
اقساط بدون سود با حداقل ۱۷۰ م پیش پرداخت 
الباقی تا ۱۰ ماه 
سند بعد از تسویه حساب",2026-09-26T02:11:13.290900
gapGIN3m,https://divar.ir/v/gapGIN3m,اردی,هفته پیش در تهران، علایین، کنارگذر تهران - ورامین,tehran، alayiin,۲۰۰۰۰,20000,۱۳۸۴ - ۲۰۰۵,خاکستری,پژو آر دی (RD) دوگانه سوز CNG,,دوگانه‌سوز شرکتی,"‏۴,۶۰۰,۰۰۰ تومان",4600000,تعیین‌نشده,تعیین‌نشده,تعیین‌نشده,خط و خش جزیی,,"مدل ۸۴
دوگانه
بیمه ۵ ماه",2026-09-26T02:12:06.914666
gao2ep5D,https://divar.ir/v/gao2ep5D,آردی سالم و سلامت با سیستم و مانیتور,هفته پیش در تهران، نارمک، خ لادن شرقی,tehran، narmak,۶۰۰۰۰,60000,۱۳۸۲ - ۲۰۰۳,خاکستری,پژو آر دی (RD) بنزینی,دنده‌ای,بنزین,"‏۳۲۰,۰۰۰,۰۰۰ تومان",320000000,سالم,سالم و پلمپ,سالم و پلمپ,سالم و بی‌خط و خش,سالم و پلمپ,"ماشین بعلت زیبایی رنگ شده تمام رنگه
آماده مسافرت. سیستم صوتی سونی و مانیتور دارد
کاربرات مدل ۸۲ بدنه محکم
بدنه خط و خش و لکه نداره",2026-09-26T02:12:16.564511
ganaOZHn,https://divar.ir/v/ganaOZHn,پژو آردی مدل۸۴,هفته پیش در تهران، بلوار کشاورز، بلوار کشاورز,tehran، bolvar-e-keshavarz,۱۷۰۰۰۰,170000,۱۳۸۴ - ۲۰۰۵,یشمی,پژو آر دی آی (RDi) بنزینی,دنده‌ای,بنزین,"‏۳۷۰,۰۰۰,۰۰۰ تومان",370000000,سالم,سالم و پلمپ,سالم و پلمپ,خط و خش جزیی,سالم و پلمپ,"پژو آردی مدل۸۴
کارکرد۱۷۰۰۰۰ هزا به شرط کارشناسی
فنی سالم
۴حلقه لاستیک نو
بیمه کامل
معاینه فنی",2026-09-26T02:12:27.201867
ganmKjEg,https://divar.ir/v/ganmKjEg,پژو RD مدل 84 شاسی پلمپ,هفته پیش در تهران، شیخ هادی,tehran، sheykh-hadi,۲۵۰۰۰۰,250000,۱۳۸۴ - ۲۰۰۵,یشمی,پژو آر دی (RD) بنزینی,دنده‌ای,بنزین,"‏۳۳۵,۰۰۰,۰۰۰ تومان",335000000,سالم,سالم و پلمپ,سالم و پلمپ,دوررنگ,سالم و پلمپ,"درود برشما عزیزان،طالبلو هستم کارشناس فروش کارنامه
ماشین دور رنگ
سقف ستون بیرنگ
شاسی پلمپ
فنی و گیربکس کاملا سالم
بدون روغن سوزی و روغن ریزی
کولر و بخاری سالم
فقط تماس پاسخگو هستم


خودرو در پاکینگ شخصی می باشد و به راحتی امکان بازدید دارد  

همراه با کارشناسی رایگان کارنامه در زمان خرید و ضمانت جبران خسارت تا سقف یک میلیاردو دویست میلیون تومان 


شما میتوانید فروش خودروی خودتون رو بدون دردسر،کارشناسی شده و بقیمت روز به تیم حرفه ای کارنامه بسپارید


معامله امن و شفاف از طریق پلتفرم کارنامه

  ساعت پاسخگویی: 8 الی 22
کد اگهی:336414",2026-09-26T02:13:09.345395
ganKJPZt,https://divar.ir/v/ganKJPZt,پژو آردی ۶ سال خوابیده مناسب اسقاط,هفته پیش در تهران، مهران,tehran، hasan-abad-shomali,۲۰۰۰۰۰,200000,۱۳۸۳ - ۲۰۰۴,یشمی,پژو آر دی (RD) بنزینی,دنده‌ای,بنزین,"‏۲۵۰,۰۰۰,۰۰۰ تومان",250000000,نیاز به تعمیر,سالم و پلمپ,ضربه‌خورده,دوررنگ,سالم و پلمپ,"مدل ۸۳
پژو آردی",2026-09-26T02:13:16.430280
ganOhix7,https://divar.ir/v/ganOhix7,پژو اردی دوگانه سوز,هفته پیش در تهران، اسکندری، خ سوم غربی,tehran، eskandari,۱۶۹۰۰۰,169000,۱۳۸۳ - ۲۰۰۴,یشمی,پژو آر دی (RD) دوگانه سوز CNG,دنده‌ای,دوگانه‌سوز دستی,"‏۳۳۰,۰۰۰,۰۰۰ تومان",330000000,سالم,سالم و پلمپ,سالم و پلمپ,خط و خش جزیی,سالم و پلمپ,"پژو آردی مدل۸۳
رنگ یشمی  انژکتوری هستش
دوگانه‌ سوز دستی 
سیستم گاز سالم و سلامت 
کولر   بخاری سالم 
بیمه و معاینه ۸ماه 
کارکرد واقعی ۱۶۹ هزار کیلومتر 
فقط یه گلگیر رنگ  داره  

کارت سوخت و بقیه مدارک کامل میباشد",2026-09-26T02:14:16.451599
gamCfOhw,https://divar.ir/v/gamCfOhw,اردی۸۵,هفته پیش در تهران، مظاهری، خ خراطی,tehran، mazaheri,۳۰۰۰۰۰,300000,۱۳۸۵ - ۲۰۰۶,سبز,پژو آر دی آی (RDi) بنزینی,دنده‌ای,بنزین,"‏۳۰۰,۰۰۰,۰۰۰ تومان",300000000,سالم,سالم و پلمپ,سالم و پلمپ,دوررنگ,سالم و پلمپ,فنی سالم چندلکه رنگ من دورینگ میگم,2026-09-26T02:14:24.636086
gam2udcy,https://divar.ir/v/gam2udcy,پژوآردی,هفته پیش در تهران، مشیریه، خ خلیج فارس,tehran، moshiriyeh,۳۲۵۰۰۰,325000,۱۳۸۴ - ۲۰۰۵,یشمی,پژو آر دی (RD) دوگانه سوز CNG,دنده‌ای,دوگانه‌سوز دستی,"‏۳۳۰,۰۰۰,۰۰۰ تومان",330000000,سالم,سالم و پلمپ,سالم و پلمپ,خط و خش جزیی,سالم و پلمپ,بیمه 8ماه...باتری نو ...فنی از هر لحاظ سالم ..دوگانه cng,2026-09-26T02:14:32.274421
gamy3kRt,https://divar.ir/v/gamy3kRt,آردی تمیز,هفته پیش در تهران، ازگل,tehran، ozgol,۳۰۰۰۰۰,300000,۱۳۸۴ - ۲۰۰۵,سبز,پژو آر دی آی (RDi) بنزینی,دنده‌ای,بنزین,"‏۱۲,۰۰۰,۰۰۰ تومان",12000000,سالم,ضربه‌خورده,سالم و پلمپ,رنگ‌شدگی در ۲ ناحیه,سالم و پلمپ,از صفری دست خودم بوده آماده مسافرت,2026-09-26T02:15:27.874638
gamW3OPc,https://divar.ir/v/gamW3OPc,فروش آردی مدل ۸۵,هفته پیش در تهران، شارق، خ فتحنایی,tehran، east-shareq,۲۶۰۰۰۰,260000,۱۳۸۵ - ۲۰۰۶,یشمی,پژو آر دی آی (RDi) بنزینی,دنده‌ای,بنزین,"‏۲۱۰,۰۰۰,۰۰۰ تومان",210000000,نیاز به تعمیر,سالم و پلمپ,سالم و پلمپ,رنگ‌شدگی در ۲ ناحیه,نیاز به تعمیر جزئی,در دو ناحیه رنگ دارد گلیرعقب و در صندوق موتور و گیربکس نیاز به تعمیر دارد قیمت ۲۳۰ میلیون,2026-09-26T02:15:34.076278
gal-Iv0X,https://divar.ir/v/gal-Iv0X,RD 1600,هفته پیش در تهران، امین حضور، خ جاویدی,tehran، aminhozour,۱۳۱۰۰۰,131000,۱۳۸۵ - ۲۰۰۶,یشمی,پژو آر دی آی (RDi) بنزینی,دنده‌ای,بنزین,"‏۴۰۰,۰۰۰,۰۰۰ تومان",400000000,سالم,سالم و پلمپ,سالم و پلمپ,خط و خش جزیی,سالم و پلمپ,"کم کارکرد
دیسک و صفحه نو
بدون رنگ
کولر و بخاری سالم
بیمه یازده ماه
یکسال معاینه فنی
انژکتوری
شیشه برقی
«تخفیف فقط پای معامله»",2026-09-26T02:16:35.848352
galekcYC,https://divar.ir/v/galekcYC,فروش خودرو اردی مدل ۸۴,هفته پیش در تهران، مشیریه، خ سلیمی,tehran، moshiriyeh,۳۲۰۰۰۰,320000,۱۳۸۴ - ۲۰۰۵,یشمی,پژو آر دی (RD) بنزینی,دنده‌ای,بنزین,"‏۴۰۰,۰۰۰,۰۰۰ تومان",400000000,سالم,سالم و پلمپ,سالم و پلمپ,خط و خش جزیی,سالم و پلمپ,"مدل : ۸۴
رنگ: یشمی بدون رنگ
فنی به شرط سالم بودن 
معاینه فنی: تا برج ۵ سال ۱۴۰۶",2026-09-26T02:16:46.174833
galaSXBE,https://divar.ir/v/galaSXBE,آردی مدل ۸۲,هفته پیش در تهران، شکوفه، خ الماسی,tehran، shokoofeh,۳۵۰۰۰۰,350000,۱۳۸۲ - ۲۰۰۳,سفید,پژو آر دی (RD) بنزینی,دنده‌ای,بنزین,"‏۲۵۰,۰۰۰,۰۰۰ تومان",250000000,سالم,تعیین‌نشده,تعیین‌نشده,خط و خش جزیی,سالم و پلمپ,موتور تازه تعمیر و ماشین بدون رنگ میباشد لاستیک نو فنی عالی و بیمه ۶ماه واز اول تخفیف بیمه دارد,2026-09-26T02:17:55.781748
gakGkMB8,https://divar.ir/v/gakGkMB8,پژو RD مدل ۸۳ انژکتور فرمان هیدرولیک,۲ هفته پیش در تهران، امام حسین، خ برادران محمدی,tehran، emam-hossein,۲۳۱۰۰۰,231000,۱۳۸۳ - ۲۰۰۴,عدسی,پژو آر دی (RD) بنزینی,دنده‌ای,بنزین,"‏۲۶۰,۰۰۰,۰۰۰ تومان",260000000,سالم,سالم و پلمپ,سالم و پلمپ,صافکاری بی‌رنگ,سالم و پلمپ,"پژو RDi مدل ۸۳ – انژکتور، فرمان هیدرولیک

فروش پژو RDi مدل ۸۳، انژکتور، فرمان هیدرولیک
بیمه و معاینه فنی تا خرداد سال آینده

وضعیت فنی:
موتور و سواری اوکی، همه چی جعبه
کولر فعال نیست
شاسی عقب سالم
شاسی جلو جوش داره (قبلاً همینطور خریداری شده)

قطعات تازه تعویض شده:
شمع و وایر تازه عوض شده
باتری تازه عوض شده
کارتل، پولس، روغن ترمز، واسکازین و... تازه انجام شده

بدنه و ظاهر:
دور تا دور ماشین جاهای زنگ‌زده رو با رنگ خودش لکه‌گیری کردم
بعضی جاها که نیاز به صافکاری داشته انجام شده
روش ضبط داره

قیمت: ۲۶۰ میلیون تومان

وضعیت ماشین همینه که گفتم، شفاف و صادقانه. برای کسی که دنبال ماشین کارراه‌انداز با قیمت مناسب باشه، گزینه خوبیه. قطعات مصرفی هم تازه انجام شده و خیال خریدار راحته.

 تهران
 برای اطلاعات بیشتر پیام بدید یا تماس بگیرید.",2026-09-26T02:18:03.385185
gak6F0Md,https://divar.ir/v/gak6F0Md,ماشین پژو آردی,۲ هفته پیش در تهران، تهرانپارس غربی، خ علیدوستی,tehran، west-tehranpars,۳۰۰۰,3000,۱۳۸۲ - ۲۰۰۳,طوسی,پژو آر دی آی (RDi) بنزینی,دنده‌ای,بنزین,"‏۲۹۵,۰۰۰,۰۰۰ تومان",295000000,سالم,تعیین‌نشده,تعیین‌نشده,رنگ‌شدگی در ۲ ناحیه,سالم و پلمپ,"پژو اردی i  مدل۸۲ 
هیدرولیک انژکتور  کولر یخچال 
فنی سالم گیربکس دف بدونه زوزه 
مصرفیها همش عوض شده 
۳ لکه رنگ کاپوت گلگیر جلو 
بیمه ۶ ما 
معاینه ۶ ماه
برای ارتباط با مالک لطفا با شماره زیر تماس بگیرید 
***********",2026-09-26T02:18:58.355741
gakOFjVi,https://divar.ir/v/gakOFjVi,آردی۸۴,۲ هفته پیش در تهران، نارمک جنوبی,tehran، south-narmak,۳۲۰۰۰۰,320000,۱۳۸۴ - ۲۰۰۵,یشمی,پژو آر دی (RD) بنزینی,دنده‌ای,بنزین,"‏۲۹۵,۰۰۰,۰۰۰ تومان",295000000,سالم,سالم و پلمپ,سالم و پلمپ,رنگ‌شدگی در ۱ ناحیه,سالم و پلمپ,"موتورسالم،تازه تعمیر
دیسک و صفحه تازه تعویض شده
لاستیک ۸۰درصد
روکش صندلی نو
بازدید در بومهن",2026-09-26T02:19:06.744240
gak2BARR,https://divar.ir/v/gak2BARR,ماشین پژو آر دی,۲ هفته پیش در تهران، دهقان,tehran، dehqan,۳۸۰,380,۱۳۸۴ - ۲۰۰۵,سبز,پژو آر دی (RD) بنزینی,دنده‌ای,بنزین,"‏۲۶۵,۰۰۰,۰۰۰ تومان",265000000,سالم,ضربه‌خورده,سالم و پلمپ,دوررنگ,سالم و پلمپ,"مدل84
قیمت270میلیون",2026-09-26T02:19:17.596361
gajSr3vJ,https://divar.ir/v/gajSr3vJ,آردی مدل 81 عروسک شاسی پلمپ سرحال و مرتب بدون رنگ,۲ هفته پیش در تهران، مقدم، خ محسنی زرین,tehran، moqadam,۴۰۰۰۰۰,400000,۱۳۸۱ - ۲۰۰۲,عدسی,پژو آر دی (RD) دوگانه سوز CNG,دنده‌ای,بنزین,"‏۲۳۵,۰۰۰,۰۰۰ تومان",235000000,سالم,سالم و پلمپ,سالم و پلمپ,سالم و بی‌خط و خش,سالم و پلمپ,"با سلام 
آردی عدسی مدل 81 عروسک شاسی پلمپ سرحال و مرتب 70 درصد بدون رنگ کاپوت جلو و گلگیر راست و درب جلو راست و درب عقب راست و گلگیر عقب راست کامل رنگ شدگی نداره ولی من نوشتم مشکلی پیش نیاد موتور کامل و صفر تا صد تعمیر اساسی شده با فاکتور گیربکس کاملا سالمه و ادوات برقی کاملآ سالم 
بدون آفتاب سوختگی بیمه 10 ماه و معاینه 10 ماه بدون خرج خلاصه ماشین تمیز و مرتب و کاملا سالمه داخل کابین کاملا سالمه و بسیار تمیز آماده انتقال 
مشتری واقعی تماس بگیرد",2026-09-26T02:20:01.002540
ga-ZjjnZ,https://divar.ir/v/ga-ZjjnZ,فروش فوری پژو اردی  انژکتور 83 بنزینی زیر قیمت,ماه پیش در تهران، شادآباد، خ بحری,tehran، shadabad,۲۵۰۰۰۰,250000,۱۳۸۳ - ۲۰۰۴,یشمی,پژو آر دی (RD) بنزینی,دنده‌ای,بنزین,"‏۲۷۰,۰۰۰,۰۰۰ تومان",270000000,سالم,سالم و پلمپ,سالم و پلمپ,دوررنگ,سالم و پلمپ,"فنی سالم 
شاسی ها پلمب 
تک استارت 
ضبط و باند نو به تازگی روش نصب شده
کارت سوخت و سهمیه بنزین داره
کفپوش سه بعدی ام داره 
فقط خط و خش جزئی داره وگرنه خیلی تمیز و سالم مثل ساعت کار میکنه  
فروش فوری تخفیف جزئی پای معامله",2026-09-26T02:20:11.083534
gaiO4Dte,https://divar.ir/v/gaiO4Dte,پژو آردی مدل ۱۳۸۴,۲ هفته پیش در تهران، خاک سفید، خ بیستم غربی,tehran، khak-sefid,۴۱۷۹۳۸,417938,۱۳۸۴ - ۲۰۰۵,یشمی,پژو آر دی (RD) دوگانه سوز CNG,دنده‌ای,دوگانه‌سوز دستی,"‏۲۴۰,۰۰۰,۰۰۰ تومان",240000000,سالم,رنگ‌شده,سالم و پلمپ,خط و خش جزیی,سالم و پلمپ,ماشین بیرنگ و کاپوت برگشته شیشه جلو ترک خورده  مقداری هم سقف و کاپوت گودی داره کمک عقب یکی به علت .پوسیدگی در اومده که درست کردنش کاری نداره,2026-09-26T02:20:17.378265
gaieWXuC,https://divar.ir/v/gaieWXuC,آردی مدل آخر ۸۴,۲ هفته پیش در تهران، علم و صنعت، بلوار دلاوران,tehran، elm-o-sanat,۳۶۰۰۰۰,360000,۱۳۸۴ - ۲۰۰۵,اطلسی,پژو آر دی آی (RDi) بنزینی,دنده‌ای,بنزین,"‏۳۵۰,۰۰۰,۰۰۰ تومان",350000000,سالم,سالم و پلمپ,سالم و پلمپ,خط و خش جزیی,سالم و پلمپ,"کاملا بی رنگ
فنی سالم",2026-09-26T02:21:06.155896
gaiS2Gnb,https://divar.ir/v/gaiS2Gnb,فروش پژو اردی,۲ هفته پیش در تهران، جیحون، خ مولایی,tehran، jeyhoun,۳۶۵۰۰۰,365000,۱۳۸۵ - ۲۰۰۶,یشمی,پژو آر دی آی (RDi) بنزینی,دنده‌ای,بنزین,"‏۴۰۰,۰۰۰,۰۰۰ تومان",400000000,نیاز به تعمیر,سالم و پلمپ,سالم و پلمپ,خط و خش جزیی,تعمیر شده,"پژو اردی i
مدل ۸۵ 
سند دست اول 
بی رنگ
کارکرد۳۶۵۰۰۰
ثبت نام شده برای واگذاری خودروهای فرسوده
ماشین واشر زده و نیاز ب تعمیر داره",2026-09-26T02:21:12.839817
gaiylaya,https://divar.ir/v/gaiylaya,مدل ۸۶,۲ هفته پیش در تهران، وصفنارد، خ علی احمد امیری,tehran، vasfenard,۲۰۰۰۰۰,200000,۱۳۸۶ - ۲۰۰۷,آبی,پژو آر دی (RD) بنزینی,دنده‌ای,بنزین,"‏۳۵۰,۰۰۰,۰۰۰ تومان",350000000,سالم,سالم و پلمپ,سالم و پلمپ,خط و خش جزیی,,ماشین فنی سالم شاستی سالم به ماشین  مدل ۸۶ صفر نیست برای طرح فرسوده هم میشه استفاده کرد  برای کار کردن ماشین خوبی هستش خرجی نداره اگه خریداری زنگ بزن وقت هم نگیریم,2026-09-26T02:21:21.353038
gahWGjun,https://divar.ir/v/gahWGjun,ار دی مدل 83 1600کولر درجا,۲ هفته پیش در تهران، راه آهن، خ شوش,tehran، rah-ahan-tehran,۱۷۳۵۹۲,173592,۱۳۸۳ - ۲۰۰۴,یشمی,پژو آر دی (RD) بنزینی,دنده‌ای,بنزین,"‏۴۱۰,۰۰۰,۰۰۰ تومان",410000000,سالم,تعیین‌نشده,تعیین‌نشده,رنگ‌شدگی در ۱ ناحیه,سالم و پلمپ,"لاستیک 80درصد بخاری کولر سالم
موتور 4سیلندر 1600 
دارای زاپاس 
دارای سیستم روکش صندلی
یه لکه رنگ 
کارکرد به شرط دیاگ",2026-09-26T02:22:16.819048
gafqh41J,https://divar.ir/v/gafqh41J,خودرو آردی  فروشی,۲ هفته پیش در تهران، شادآباد، خ شهید رجایی,tehran، shadabad,۳۱۵۰۰۰,315000,۱۳۸۳ - ۲۰۰۴,یشمی,پژو آر دی (RD) بنزینی,دنده‌ای,بنزین,"‏۲۸۰,۰۰۰,۰۰۰ تومان",280000000,سالم,سالم و پلمپ,سالم و پلمپ,دوررنگ,سالم و پلمپ,"یک دستگاه خودروی سواری پژو آردی سالم جلو عقب پلومپ 
 بدونه تصادف   چهار حلقه لاستیک نو  باطری  نو 
 موتور سالم  نیش استارت  جک زاپاس تکمیل همه چیز 
 ضاهر خوش فرم  اماده سفر 
 ماشین خوبی کم مصرف  سوزن انژکتور همه نو  مصرفی همه تکمیل نو شده  
 ظبط و باند پنل دار سیستم عالی 
داخل ماشین تمیز  
مشتری واقعی زنگ بزنه  دلال مزاحم نشه ممنون  خلاصه ماشین سالم هست واسه مصرف کننده   الان موتور این قیمت شده",2026-09-26T02:22:25.072298
gahex3dN,https://divar.ir/v/gahex3dN,طرح جمع آوری خودرو اسقاط تاکسی پژو آردی,۲ هفته پیش در تهران، شوش، خ شهید ابراهیمی,tehran، shoosh,۵۲۰۰۰۰,520000,۱۳۷۲ - ۱۹۹۳,زرد,پژو آر دی (RD) دوگانه سوز CNG,,دوگانه‌سوز دستی,"‏۲۲۰,۰۰۰,۰۰۰ تومان",220000000,نیاز به تعمیر,تعیین‌نشده,تعیین‌نشده,اوراقی,,"اسقاط خودرو های تاکسی 
پژواردی ، و .... بهترین قیمت ممکن تسویه نقدی نامه از تاکسیرانی الزامی است",2026-09-26T02:22:34.506966
gageXyKD,https://divar.ir/v/gageXyKD,فروش,۲ هفته پیش در تهران، والفجر (افسریه)، خ ابن سینا,tehran، valfajr-afsarieh,۷۵۰۰۰۰,750000,۱۳۸۴ - ۲۰۰۵,یشمی,پژو آر دی آی (RDi) بنزینی,دنده‌ای,بنزین,"‏۲۵۰,۰۰۰,۰۰۰ تومان",250000000,سالم,رنگ‌شده,سالم و پلمپ,رنگ‌شدگی در ۱ ناحیه,تعمیر شده,"سلام وقت بخیر
آردی ۸۴ دور رنگ ، بیمه یک سال کامل ، موتور تقویت شده ، کولر سالمه ، جلوبندی ، گیربکس ، دیفرانسیل ، همگی سالم و به شرط ، خودم مکانیک هستم خیلی ساله ماشین دستم هستش و مشکل فنی اصلا نداره فقط ظاهری خرج داره ، نگاه به کارکرد بالای ماشین نکنید فنی کاملا سالم هستش و همچی توسط خودم تعمیر شده.
یاعلی",2026-09-26T02:23:17.608522
gag2WUza,https://divar.ir/v/gag2WUza,آردی مدل ۸۳ انژکتور,۲ هفته پیش در تهران، سرتخت، خ قم,tehran، sartakht-rey,۰,0,۱۳۸۳ - ۲۰۰۴,یشمی,پژو آر دی (RD) بنزینی,دنده‌ای,بنزین,"‏۲۳۰,۰۰۰,۰۰۰ تومان",230000000,سالم,ضربه‌خورده,سالم و پلمپ,خط و خش جزیی,سالم و پلمپ,"ماشین موتور و گیربکسش نو شده بدون ریالی خرج
مناسب مصرف کننده",2026-09-26T02:23:25.227693
gagK2XpC,https://divar.ir/v/gagK2XpC,پژو آردی 84,۲ هفته پیش در تهران، فیروزآبادی، خ شهید حسین یزدی,tehran، firuzabadi,۲۹۳۰۰۰,293000,۱۳۸۴ - ۲۰۰۵,یشمی,پژو آر دی آی (RDi) بنزینی,دنده‌ای,بنزین,"‏۳۳۰,۰۰۰,۰۰۰ تومان",330000000,سالم,سالم و پلمپ,سالم و پلمپ,دوررنگ,سالم و پلمپ,"موتور تعمیر شده 
دینام تعویض شده 
دیسک صفحه تعویض شده 
مصرفی ها تعویض شده 
بیمه تا دیماه ، معاینه فنی یکسال 
تخفیف جزئی بعد از بازدید",2026-09-26T02:24:32.862731
gagiFC5e,https://divar.ir/v/gagiFC5e,آردی مدل ۸۴,۲ هفته پیش در تهران، زاهد گیلانی، خ مشایخی,tehran، zahed-gilani,۲۵۰۰۰۰,250000,۱۳۸۴ - ۲۰۰۵,سبز,پژو آر دی (RD) دوگانه سوز CNG,دنده‌ای,دوگانه‌سوز شرکتی,"‏۲۵۹,۰۰۰,۰۰۰ تومان",259000000,سالم,سالم و پلمپ,سالم و پلمپ,رنگ‌شدگی در ۱ ناحیه,سالم و پلمپ,"فنی خوب 
مناسب مصرف کننده",2026-09-26T02:24:39.376722
gagihLj8,https://divar.ir/v/gagihLj8,پژواردی مدل ۷۹,۲ هفته پیش در تهران، استخر، خ شهید صدوقی,tehran، estakhr,۲۰۰۰۰۰,200000,۱۳۷۹ - ۲۰۰۰,سبز,پژو آر دی (RD) بنزینی,دنده‌ای,بنزین,"‏۲۶۰,۰۰۰,۰۰۰ تومان",260000000,سالم,سالم و پلمپ,سالم و پلمپ,خط و خش جزیی,سالم و پلمپ,کارکرد پایین . شاسی پلمپ . بیمه کامل یک ساله .لاستیک ۶۰ یا ۷۰ درصد . بی صدا و نرم,2026-09-26T02:24:49.773978
gafO_9z_,https://divar.ir/v/gafO_9z_,آردی انژکتور,۲ هفته پیش در تهران، آهنگ، بلوار ابوذر,tehran، ahang,۵۰۰۰۰۰,500000,۱۳۸۲ - ۲۰۰۳,سفید,پژو آر دی (RD) بنزینی,دنده‌ای,بنزین,"‏۲۲۵,۰۰۰,۰۰۰ تومان",225000000,سالم,ضربه‌خورده,سالم و پلمپ,رنگ‌شدگی در ۱ ناحیه,تعمیر شده,"مدل ۸۲ انژکتور سفید
کولر روشن
چند لکه رنگ
فوری پول لازم",2026-09-26T02:25:42.834458
gafGxZIb,https://divar.ir/v/gafGxZIb,آردی ۸۴,۲ هفته پیش در تهران، دولاب، خ سعید فهیم‌پور,tehran، doolab,۱۶۹۰۰۰,169000,۱۳۸۴ - ۲۰۰۵,سرمه‌ای,پژو آر دی (RD) بنزینی,دنده‌ای,بنزین,"‏۴۵۰,۰۰۰,۰۰۰ تومان",450000000,سالم,رنگ‌شده,رنگ‌شده,خط و خش جزیی,نیاز به تعمیر جزئی,آردی آخر ۸۳ ۱۶۹ تا کارکرد بعضی جاها رنگ شده و خط و خش جزئی و تمیز و سالم,2026-09-26T02:25:54.400201
gaeyZZ_J,https://divar.ir/v/gaeyZZ_J,پژو ار دی ۸۳,۲ هفته پیش در تهران، آبشار تهران (دریاچه)، بلوار مکری شرقی,tehran، abshar-tehran,۳۰۰۰۰۰,300000,۱۳۸۳ - ۲۰۰۴,یشمی,پژو آر دی (RD) بنزینی,دنده‌ای,بنزین,"‏۳۳۰,۰۰۰,۰۰۰ تومان",330000000,سالم,ضربه‌خورده,ضربه‌خورده,خط و خش جزیی,تعمیر شده,پژو آردی ۸۳,2026-09-26T02:26:03.962396
gadOdDhZ,https://divar.ir/v/gadOdDhZ,ماشین rd,۲ هفته پیش در تهران، افسریه شمالی، خ بازدار,tehran، afsariyeh,۳۶۰۰۰۰,360000,۱۳۸۴ - ۲۰۰۵,سبز,پژو آر دی (RD) بنزینی,دنده‌ای,بنزین,"‏۳۷۰,۰۰۰,۰۰۰ تومان",370000000,سالم,تعیین‌نشده,سالم و پلمپ,رنگ‌شدگی در ۱ ناحیه,,سلام ماشین اردی موتوری سالم کولر روشن بیمه تا برج ۴ معاینه فنی هم داره فنی سالم,2026-09-26T02:26:44.789958
gadaJWsu,https://divar.ir/v/gadaJWsu,تاکسی روا,۲ هفته پیش در تهران، نیروی دریایی، خ جاجرودی,tehran، niruye-daryaei,۶۵۵۰۰۰,655000,۱۳۸۸ - ۲۰۰۹,سبز,پژو آر دی (RD) دوگانه سوز CNG,دنده‌ای,دوگانه‌سوز دستی,"‏۳۲۰,۰۰۰,۰۰۰ تومان",320000000,سالم,سالم و پلمپ,سالم و پلمپ,خط و خش جزیی,سالم و پلمپ,"تاکسی فروشی
موتور گیربکس ودیفر سالم
داخل مرتب
لاستیک 70درصد
سقف ستون عقب جلو سالم
تک استارت روشن
قابل استفاده بکار
دوگانه سوز 
مدارک تکمیل بنام و قابل انتقال",2026-09-26T02:26:52.142601
gadioHUz,https://divar.ir/v/gadioHUz,پژو اردی مدل 82 زیر قیمت,۲ هفته پیش در تهران، تسلیحات، خ نصیری,tehran، taslihat,۳۹۰۰۰۰,390000,۱۳۸۲ - ۲۰۰۳,یشمی,پژو آر دی (RD) بنزینی,دنده‌ای,بنزین,"‏۲۸۰,۰۰۰,۰۰۰ تومان",280000000,سالم,سالم و پلمپ,سالم و پلمپ,رنگ‌شدگی در ۲ ناحیه,سالم و پلمپ,"پژو اردی مدل 82 
فنی موتور درجه ۱ 
کاپوت و گلگیر رنگ
بدون روغن ریزی و روغن سوزی 
تمامی مصرفی ها تعویض شده
دف بدون زوزه و بی صدا
جلو بندی نو
لاستیک ها ۸۰ درصد
فرمان هیدرولیک و انژکتور درجه ۱ 
بشین برو مسافرت",2026-09-26T02:27:55.098407
gadOIja8,https://divar.ir/v/gadOIja8,آردی مدل 83 بی رنگ,۲ هفته پیش در تهران، دکتر هوشیار، خ بیست و یک متری جی,tehran، dr-hoshyar,۵۸۰۰۰,58000,۱۳۸۳ - ۲۰۰۴,یشمی,پژو آر دی آی (RDi) بنزینی,دنده‌ای,بنزین,"‏۶۵۰,۰۰۰,۰۰۰ تومان",650000000,سالم,سالم و پلمپ,سالم و پلمپ,سالم و بی‌خط و خش,سالم و پلمپ,"آردی آی مدل 83
کارکرد واقعی
بدون رنگ
تضمینی",2026-09-26T02:28:05.671469
gadqXWwd,https://divar.ir/v/gadqXWwd,آردی مدل ۸۴,۲ هفته پیش در تهران، وحیدیه، خ احمد آبادی,tehran، vahidiyeh,۲۰۰۰۰۰,200000,۱۳۸۴ - ۲۰۰۵,یشمی,پژو آر دی آی (RDi) بنزینی,دنده‌ای,بنزین,"‏۴۱۵,۰۰۰,۰۰۰ تومان",415000000,سالم,سالم و پلمپ,سالم و پلمپ,دوررنگ,سالم و پلمپ,آردی مدل ۸۴ ماشین کاملا سالم وسلامت,2026-09-26T02:28:14.543794
gadKlzaT,https://divar.ir/v/gadKlzaT,پژو RD هیدرولیک ۸۴,۲ هفته پیش در تهران، بروجردی، خ امام خمینی,tehran، shahid-borujerdi,۲۳۰۰۰۰,230000,۱۳۸۴ - ۲۰۰۵,یشمی,پژو آر دی (RD) بنزینی,دنده‌ای,بنزین,"‏۲۵۰,۰۰۰,۰۰۰ تومان",250000000,سالم,سالم و پلمپ,سالم و پلمپ,خط و خش جزیی,سالم و پلمپ,"با سلام 
پژو آردی ۸۴ 
فرمون هیدرولیک و چند سالی هم هست که خوابیده و فقط استارت زدیم که باطریش نخوابه
فنی بسیار سالم و به شرط 
بدنه تو عکس مشخصه شاسی و عقب و جلو سالم 
ولی خط و خش و رنگ رو بدنه داره 
بیمه نداره و ۶ ماهه انجام میدم 
حتی کارواش هم نبردیم که خدایی نکرده بخوایم ظاهر مرتب و فنی خراب به مردم بدیم 
لطفا دلال تماس نگیره 
فقط مصرف کننده تماس بگیره لطفا",2026-09-26T02:28:58.570736
gadC03eM,https://divar.ir/v/gadC03eM,آردی آی ۱۶۰۰,۲ هفته پیش در تهران، نیروی دریایی، خ آزادگان,tehran، niruye-daryaei,۲۶۰۰۰۰,260000,۱۳۸۵ - ۲۰۰۶,سرمه‌ای,پژو آر دی آی (RDi) بنزینی,دنده‌ای,بنزین,"‏۴۰۰,۰۰۰,۰۰۰ تومان",400000000,سالم,ضربه‌خورده,سالم و پلمپ,رنگ‌شدگی در ۲ ناحیه,سالم و پلمپ,نزدیک ۲۰ سال دست من است,2026-09-26T02:29:05.151444
gabic5r_,https://divar.ir/v/gabic5r_,پژو RDiانژکتوری هیدرولیک مدل 82 کولر روشن,۲ هفته پیش در تهران، زیبادشت، خ چشمه شرقی,tehran، shahrak-e-cheshmeh,۳۲۶۶۰۰,326600,۱۳۸۲ - ۲۰۰۳,طوسی,پژو آر دی آی (RDi) بنزینی,دنده‌ای,بنزین,"‏۲۸۵,۰۰۰ تومان",285000,تعیین‌نشده,تعیین‌نشده,تعیین‌نشده,رنگ‌شدگی در ۱ ناحیه,,"کولر روشن 
بیمه ومعاینه فنی 
پژو RDi مدل 1382، انژکتور، هیدرولیک،
کارکرد واقعی
بازدید با هماهنگی 
آماده انتقال",2026-09-26T02:30:04.777592
gabWbI5C,https://divar.ir/v/gabWbI5C,فروش خودرو,۲ هفته پیش در تهران، شکیبا,tehran، saheb-al-zaman,۴۹۰۰۰۰,490000,۱۳۸۳ - ۲۰۰۴,یشمی,پژو آر دی (RD) بنزینی,,بنزین,"‏۲۷۵,۰۰۰,۰۰۰ تومان",275000000,تعیین‌نشده,سالم و پلمپ,سالم و پلمپ,خط و خش جزیی,,فروش یکدستگاه  خودرو آردی یشمی سبز مدل ۸۳ کارکرد ۴۹۰/۰۰۰بفروش میرسد مناسب طرح تعویض توضیحات تکمیلی فقط تماس /چت دیوار و SMS پاسخگو نیستم,2026-09-26T02:30:16.755277
gabyTnFn,https://divar.ir/v/gabyTnFn,پژو آردی مدل ۸۵,۳ هفته پیش در تهران، باغ فیض، خ شهید باکری,tehran، bagh-feyz,۱۰۰۰۰۰,100000,۱۳۸۵ - ۲۰۰۶,یشمی,پژو آر دی (RD) بنزینی,دنده‌ای,بنزین,"‏۴۲۵,۰۰۰,۰۰۰ تومان",425000000,سالم,سالم و پلمپ,سالم و پلمپ,سالم و بی‌خط و خش,سالم و پلمپ,پژو آردی فنی سالم ،داخل کابین تمیز ومرتب روکش ها تازه تعویض شده، تازه بیمه کردم ، یازده ماه دیگه بیمه داره، ماشین سرپا و خوبیه ،,2026-09-26T02:31:23.607150
gaaK5f9B,https://divar.ir/v/gaaK5f9B,آردی مدل 84,۳ هفته پیش در تهران، شهادت، خ پورزاهد,tehran، shahadat-rey,۸۵,85,۱۳۸۴ - ۲۰۰۵,یشمی,پژو آر دی (RD) بنزینی,دنده‌ای,بنزین,"‏۴۲۰,۰۰۰,۰۰۰ تومان",420000000,سالم,سالم و پلمپ,سالم و پلمپ,سالم و بی‌خط و خش,سالم و پلمپ,"در حد صفر
سواری عالی 
فنی سالم
کولر و بخاری روشن
کم کارکرد
فقط یه پایین گلگیر سمت شاگرد رنگ مابقی بی رنگ",2026-09-26T02:31:35.188282
gaZibw-Z,https://divar.ir/v/gaZibw-Z,فروش آردی مدل 82,۳ هفته پیش در تهران، شمیران‌نو، خ هفتم,tehran، shemiran-no,۳۷۵۰۰۰,375000,۱۳۸۲ - ۲۰۰۳,طوسی,پژو آر دی (RD) دوگانه سوز CNG,دنده‌ای,دوگانه‌سوز دستی,"‏۲۵۰,۰۰۰,۰۰۰ تومان",250000000,سالم,ضربه‌خورده,سالم و پلمپ,دوررنگ,سالم و پلمپ,"موتور تازه تعمیر دوگانه دستی
شاسی عقب سالم جلو سمت شاگرد جوش دارد دور رنگ",2026-09-26T02:31:42.460666
gaYimIUt,https://divar.ir/v/gaYimIUt,پژو آردی آی مدل 82 سبز یشمی,۳ هفته پیش در تهران، وصفنارد، خ 3,tehran، vasfenard,۲۵۸۰۰۰,258000,۱۳۸۲ - ۲۰۰۳,یشمی,پژو آر دی آی (RDi) بنزینی,دنده‌ای,بنزین,"‏۳۲۰,۰۰۰,۰۰۰ تومان",320000000,سالم,سالم و پلمپ,سالم و پلمپ,خط و خش جزیی,سالم و پلمپ,"مدل 82 ، هیدرولیک ، کولر روشن ،  بی رنگ ، شاسی ها پلمب ،خط و خش دارد ، رینگ 14 ،دزدگیر ، ضبط و باند پایونیر ،بدون روغن ریزی و سوزی ،موتور و گیربکس تازه تعمیر ،باطری نو ، تک استارت روشن  ،کم مصرف  ،فروش نقدی  ،معاینه فنی و بیمه تا آخر برج9 ،کارگرد واقعی 2560000,, انژکتوری ،واتر پمپ نو ،شیشه ها دودی ،قفل کاپوت ،جلوبندی نو ،تمام سرویس ها انجام شده ، تخفیف جزیی به خریدار واقعی ،فرمان هیدرولیک ، سرعتی ،دیسک و صفحه ۳ماه تعویض کردم ،کمک جلو نو",2026-09-26T02:32:24.763162
ga4hkgZR,https://divar.ir/v/ga4hkgZR,پژو آردی یشمی مدل ۸۵,ماه پیش در تهران، ازگل، خ هاشم ازگلی,tehran، ozgol,۲۰۰۰۰۰,200000,۱۳۸۵ - ۲۰۰۶,پوست‌پیازی,پژو آر دی (RD) بنزینی,دنده‌ای,بنزین,"‏۲۳۰,۰۰۰,۰۰۰ تومان",230000000,سالم,سالم و پلمپ,سالم و پلمپ,دوررنگ,سالم و پلمپ,"درود 
پژو آردی مدل ۸۵
مناسب مصرف کننده
موتوری ۳۰میلیون هزینه داره
ماشین بیشتر خواب بوده و کارکردش پایینه
قیمت مناسب تخفیق پای معامله
سندمدارک تکمیل آماده انتقال میباشد
باتشکر از دیوار",2026-09-26T02:32:31.844607
gaXCeAvr,https://divar.ir/v/gaXCeAvr,آردی درحد,۳ هفته پیش در تهران، دانشگاه شریف، خ آران,tehran، university-of-sharif,۹۲۰۰۰,92000,۱۳۸۳ - ۲۰۰۴,یشمی,پژو آر دی (RD) بنزینی,دنده‌ای,بنزین,"‏۵۳۰,۰۰۰,۰۰۰ تومان",530000000,سالم,تعیین‌نشده,سالم و پلمپ,سالم و بی‌خط و خش,سالم و پلمپ,"ماشین ۹۲ تا کار از سال ۹۳ داخل پارکینگ بوده از مزایده خریداری کردم بدون توظیح فقت وفقت تگرک خوردگی جزئی داره مشابه این ماشینو خیلی بالاتر گذاشتن مشتری واقعی تماس بگیره 


 ماشین شهرستان سراب  میباشد",2026-09-26T02:32:39.215293
gaWWPUo0,https://divar.ir/v/gaWWPUo0,آردی مدل81 بدنه موتوری سالم، کولردار,۳ هفته پیش در تهران، بهار، خ بهار جنوبی,tehran، bahar,۲۵۰۰۰۰,250000,۱۳۸۱ - ۲۰۰۲,سفید,پژو آر دی (RD) بنزینی,دنده‌ای,بنزین,"‏۲۸۰,۰۰۰,۰۰۰ تومان",280000000,سالم,سالم و پلمپ,سالم و پلمپ,خط و خش جزیی,سالم و پلمپ,"سفید بدون رنگ. لاستیک هاحدود80درصد
معاینه فنی بروز. بیمه یکسال",2026-09-26T02:33:35.382383
gaWid42U,https://divar.ir/v/gaWid42U,آردی مدل 84,۳ هفته پیش در تهران، وحیدیه، خ یازدهم,tehran، vahidiyeh,۲۰۰۰۰۰,200000,۱۳۸۴ - ۲۰۰۵,سبز,پژو آر دی (RD) بنزینی,دنده‌ای,بنزین,"‏۴۵۰,۰۰۰,۰۰۰ تومان",450000000,سالم,سالم و پلمپ,سالم و پلمپ,سالم و بی‌خط و خش,سالم و پلمپ,تخفیف به خریدار واقعی پایه معامله,2026-09-26T02:33:47.080945
gaWWMThJ,https://divar.ir/v/gaWWMThJ,فروش یامعاوضه (پراید۱۴۱),۳ هفته پیش در تهران، شهرک شریفی، بلوار شقایق,tehran، shaharak-e-sharifi,۳۲۳۴۳۲,323432,۱۳۸۴ - ۲۰۰۵,یشمی,پژو آر دی آی (RDi) بنزینی,دنده‌ای,بنزین,"‏۴۰۰,۰۰۰,۰۰۰ تومان",400000000,سالم,سالم و پلمپ,سالم و پلمپ,خط و خش جزیی,سالم و پلمپ,پژواردی آی(روآ)تمیز فنی عالی بشرط،تازه ۴۵میلیون تعمیرکلی واساسی کردم، باتوجه به مدل عالی،بخاری وکولر داره ضبط بلوتزی، لاستیک ۸۰درصد، من مثل بعضیها نمیگم فقط سقفش افتاب سوخته این حرف فقط خودمون گول میزنیم، ماشین باتوجه به مدل ،افتاب خورده برف وبارون سرما وگرماوطوفان همه چیز بخودش دیده، ادم هم سنش میره بالا چین وچروک میگیره،فقط ازهرلحاظ ازموتوری وفنی گیربکس دفر، ظاهر ماشین مورد تایید سند تک برگ همه چیزش شسته ورفته اماده انتقال،ماشین خوش رکابی انشالله هرکه خرید خیرش ببینه، به خوشی استفاده کنه,2026-09-26T02:34:33.441940
gaWKMNjk,https://divar.ir/v/gaWKMNjk,پژو اردی مدل ۸۳,۳ هفته پیش در تهران، خاک سفید، خ الله اکبر,tehran، khak-sefid,۳۸۰۰۰۰,380000,۱۳۸۳ - ۲۰۰۴,یشمی,پژو آر دی (RD) دوگانه سوز LPG,دنده‌ای,دوگانه‌سوز دستی,"‏۲۵۰,۰۰۰,۰۰۰ تومان",250000000,تعیین‌نشده,سالم و پلمپ,ضربه‌خورده,دوررنگ,,"پژو RD ، انژکتور،فرمون هیدرولیک
کولر خنک فعال️
دوگانه سوز LPG مدل ۸۳⛽
شاسی ها سالم و پلمپ✅
معاینه فنی دارد✅",2026-09-26T02:34:41.013663
gaWS5O-M,https://divar.ir/v/gaWS5O-M,آردی مدل 84,۳ هفته پیش در تهران، آسمان، خ سپیدار,tehran، aseman,۴۰۰۰۰۰,400000,۱۳۸۴ - ۲۰۰۵,یشمی,پژو آر دی (RD) بنزینی,دنده‌ای,بنزین,"‏۲۵۰,۰۰۰,۰۰۰ تومان",250000000,سالم,ضربه‌خورده,سالم و پلمپ,دوررنگ,,"اردی مدل 84
باتری نو 
کولر روشن تازه سرویس شده 
فنر عقب تازه تعویض شده
موتور سالم فقط روغن ریزی داره
چهارساله دست خودمه
بیمه 11 ماه داره 
ی مقدار خورده خرج داره که از قیمت کم میکنم ولی پای معامله نه پشت تلفن",2026-09-26T02:34:51.891433
gaVy7fv6,https://divar.ir/v/gaVy7fv6,آردی ۸۲ شاسی پلمپ,۳ هفته پیش در تهران، قصر فیروزه ۲، خ امام رضا,tehran، qasr-e-firooze-do,۳۳۰۰۰۰,330000,۱۳۸۲ - ۲۰۰۳,یشمی,پژو آر دی (RD) بنزینی,دنده‌ای,بنزین,"‏۲۴۰,۰۰۰,۰۰۰ تومان",240000000,سالم,سالم و پلمپ,سالم و پلمپ,دوررنگ,سالم و پلمپ,"شاسی پلمپ 
موتور تازه تعمیر 
معاینه فنی ۷ ماه
بیمه ۱۰ ماه
ضبط پر قدرت.
تخفیف پای معامله",2026-09-26T02:35:00.349686
gaVGkuj3,https://divar.ir/v/gaVGkuj3,فروش خودرو,۳ هفته پیش در تهران، فیروزآبادی، خ قدمی,tehran، firuzabadi,۱۷۰۰۰۰,170000,۱۳۸۳ - ۲۰۰۴,یشمی,پژو آر دی (RD) بنزینی,دنده‌ای,بنزین,"‏۳۵۰,۰۰۰,۰۰۰ تومان",350000000,سالم,سالم و پلمپ,سالم و پلمپ,رنگ‌شدگی در ۱ ناحیه,سالم و پلمپ,اردی مدل ۸۳ شاسی سالم  کارکرد ۱۷۰۰۰۰ کیلومتر,2026-09-26T02:35:43.757131
gaVCivqq,https://divar.ir/v/gaVCivqq,ماشین آردی مدل 81,۳ هفته پیش در تهران، شوش,tehran، shoosh,۱۸۰۰۰۰,180000,۱۳۸۱ - ۲۰۰۲,سبز,پژو آر دی (RD) بنزینی,دنده‌ای,بنزین,"‏۲۶۰,۰۰۰,۰۰۰ تومان",260000000,سالم,سالم و پلمپ,سالم و پلمپ,خط و خش جزیی,سالم و پلمپ,ماشین سواری آردی سالم و بدونه رنگ,2026-09-26T02:35:52.232527
gaRue7OT,https://divar.ir/v/gaRue7OT,پژو آردی i,۴ هفته پیش در تهران، اوقاف، خ کاشانی,tehran، oghaf,۳۰۰۰۰۰,300000,۱۳۸۲ - ۲۰۰۳,عدسی,پژو آر دی (RD) بنزینی,دنده‌ای,بنزین,"‏۳۱۰,۰۰۰,۰۰۰ تومان",310000000,تعیین‌نشده,ضربه‌خورده,تعیین‌نشده,رنگ‌شدگی در ۲ ناحیه,,"ماشین سه تیکه جلو رنگ 
شاسی جلو سمت راننده خورده 
انژکتور 
کولر فعال - یخچال
فرمون هیدرولیک 
گیربکس و‌دف درجه یک 
بازدید دارد",2026-09-26T02:35:58.502348
gaR2-dp6,https://divar.ir/v/gaR2-dp6,آردی ۸۱ مشابه ۴۰۵,۴ هفته پیش در تهران، اباذر، خ اسکندرزاده,tehran، aboozar,۳۴۳۴۳۴,343434,۱۳۸۱ - ۲۰۰۲,سفید,پژو آر دی (RD) دوگانه سوز LPG,دنده‌ای,بنزین,"‏۲۵۰,۰۰۰,۰۰۰ تومان",250000000,سالم,سالم و پلمپ,سالم و پلمپ,تمام‌رنگ,سالم و پلمپ,"صفر تا صد مثله پژو هست
نمد سقف 
کیلومتر
داشبورد 
کیلومتر 
کاپوت و صندوق
رگولاتور و قطع کن گاز داره مخزن نداره
چراقا جلو و عقب
و.....
کولر داره ژاپنی با یه رادیات کولر بزرگ ژاپنی باید راه اندازی کنی مجدد
گیربگس ۶ دنده گتراک و گاردون دو تیکه آلمانی
دف تویوتایی
سرسیلندر آلومینیومی  استارت تویوتایی 
دینام ۹۰ آمپر پژویی
بوق و بالابر و رودری و... همگی پژویی
بیمه یکسال تکمیل داره
۳ تومن خورده خرج داره 
شاسی ها پلمپ 
ماشین شماره شاسی رو پیدا نمیکنم به خاطر همین 
قیمت اسقاط و لوازم گذاشتم
سوال بی مورد نپرسید 
۲۰۰ لازم دارم شدید الباقی اقساط امکان داره 
خیلی خیلی خیلی فرای تصور هزینه شده برا ماشین که اینطور شده 
هر کس خرید خیرشون ببینه",2026-09-26T02:39:21.305926
gaRGM1Xn,https://divar.ir/v/gaRGM1Xn,پژو آردی ۸۴-  RDi خانگی- سند دست اول,۴ هفته پیش در تهران، کوثر,tehran، kosar,۲۲۷۰۰۰,227000,۱۳۸۴ - ۲۰۰۵,یشمی,پژو آر دی آی (RDi) بنزینی,دنده‌ای,بنزین,"‏۳۵۰,۰۰۰,۰۰۰ تومان",350000000,سالم,سالم و پلمپ,سالم و پلمپ,خط و خش جزیی,سالم و پلمپ,"ماشین خانگی به نسبت سن کم کارکرد.
شاسی کاملا پلمپ- بدون رنگ.
تا به حال فقط کاپوت ماشین یکبار تعویض شده (برخورد پشت چراغ قرمز).
فنی موتور و گیربکس کاملا سالم و پلمپ.
هیدرولیک کاملا  سالم.
خط و خش جزئی بدنه.
روکش صندلی فابریک.
کولر یخ . بخاری سالم. اتاق بیصدا
کارکرد واقعی به شرط کارشناسی.
باتری سالم. 
لاستیک ۴۰ درصد.
معاینه فنی تا خرداد ۴۰۶.
شخص ثالث تا بهمن ۴۰۵. بیمه هیچوقت در ۲۱ سال استفاده نشده. تخفیف ۷۰ درصد.
تخفیف پای معامله",2026-09-26T02:39:28.543171
gaDtIoOg,https://divar.ir/v/gaDtIoOg,پژو آردی سفید موتور صفر,۲ ماه پیش در تهران، هوانیروز، خ پارکینگ بام لند,tehran، havanirooz,۴۰۰۰۰,40000,۱۳۸۱ - ۲۰۰۲,سفید,پژو آر دی (RD) بنزینی,دنده‌ای,بنزین,"‏۳۵۵,۰۰۰,۰۰۰ تومان",355000000,سالم,سالم و پلمپ,سالم و پلمپ,سالم و بی‌خط و خش,سالم و پلمپ,"پژو آردی 81 سفید بسیار سالم ،  هیدرولیک.کولر 
به تازگی موتور نو شده تعویض قانونی با مدارک تائید پلیس راهور1-بلوک سیلندر رینگ پیستون
2- شاتون میلنگ یاتاقان 
3- واشر سر سیلندر 
 4- فیلرها
5- درب سوپاپ
6- زنجیر تایم 
7-واتر پمپ 
8-کاربرات 
9-رادیاتور بخاری و کولر 
10-دیسک و صفحه و دیسکهای چرخ جلو بندی کامل نو شده رام نو شده
 11-باطری ماشین
 12-کوئل و دلکو 
13- اویل پمپ
14- شلنگهای آب 
15- لنتهای جلو و عقب و کاسه نمد بلبرینگ چرخها
16- دف بدون صدا
17- چهار حلقه لاستیک نو 
18- ضبط و باند خوب
19- روغن موتور
20- تسمه های موتور
21- ترموستات
22- کمکها 
23- شمعها وایرها 
24-چراغهای جلو عقب
25-دزدگیر بسته شده و ریموت و سوئیچ 2 تا دارد
 این لوازم همگی نو شده و مبلغ 150میلیون خرج فنی وخود ماشین شده هیچ خرجی ندارد. آماده سفر می باشد تقاضای تخفیف نفرمایید قیمت مقطوع . ماشین ارزونتر این شرایط رو نداره با حوصله بازسازی و هزینه شده با کارشناس تشریف بیارید همه این چیزهای که گفتم را چک کنید ظاهر و کابین ماشین  همانطور که در عکسها می بینید نسبت به مدلش بسیار تمیز و سالم است",2026-09-26T02:40:21.883419
gaRuSy_N,https://divar.ir/v/gaRuSy_N,اردی صفر مدل ۷۹,۴ هفته پیش در تهران، ترمینال غرب، خ ورودی شماره سه تاکسیرانی,tehran، terminal-gharb,۰,0,۱۳۷۹ - ۲۰۰۰,سایر,پژو آر دی (RD) بنزینی,دنده‌ای,بنزین,"‏۳۵۰,۰۰۰,۰۰۰ تومان",350000000,سالم,سالم و پلمپ,سالم و پلمپ,سالم و بی‌خط و خش,سالم و پلمپ,اردی صفر مدل ۷۹ بیرنگ زیرخاکی کلکسیونی بدون پلاک مدارک فاکتور فروش موجوده و معاینه نامه فقط از کارخونه سندن تهران اومده تا قزوین لاستیک نو باطری نو قیمت توافقی,2026-09-26T02:40:29.022536
gaQKIB0D,https://divar.ir/v/gaQKIB0D,اردی مدل 83دوگانه سور,۴ هفته پیش در تهران، شهرک هما، خ شهید حصارکی,tehran، shahrak-homa,۳۵۰۰۰۰,350000,۱۳۸۳ - ۲۰۰۴,سایر,پژو آر دی (RD) بنزینی,دنده‌ای,دوگانه‌سوز دستی,"‏۳۲۰,۰۰۰,۰۰۰ تومان",320000000,سالم,تعیین‌نشده,تعیین‌نشده,سالم و بی‌خط و خش,سالم و پلمپ,اردی دوگانه سوز cng تمیز و مرتب بیمه چهار ماه دو لکه رنگ صفحه کلاچ نو .با گاز کار می‌کنه . روکش صندلی نو رینگ و لاستیک پژوی معاینه فنی,2026-09-26T02:40:40.457543
gaQCwYz6,https://divar.ir/v/gaQCwYz6,پژو آردی مدل ۸۴,۴ هفته پیش در تهران، علایین، خ کاظمی,tehran، alayiin,۱۰۰۰۰۰,100000,۱۳۸۴ - ۲۰۰۵,سبز,پژو آر دی (RD) بنزینی,دنده‌ای,بنزین,"‏۲۵۵,۰۰۰,۰۰۰ تومان",255000000,سالم,ضربه‌خورده,سالم و پلمپ,خط و خش جزیی,سالم و پلمپ,"آردی مدل ۸۴ 
ماشین سالم اماده حرکت 
ماینه فنی یک سال 
بیمه تا ۷/۲۵
دزد گیر دارد 
روکش صندلی نو
ظبط و باند عقب ندارد فقط باند های فابریکی هست روش",2026-09-26T02:41:22.016732
gaPqP-zh,https://divar.ir/v/gaPqP-zh,پژو اردی مدل ۸۴,۴ هفته پیش در تهران، شهرک دانشگاه، بلوار دانشجو,tehran، shahrak-daneshgahi,۳۹۰۰۰۰,390000,۱۳۸۴ - ۲۰۰۵,یشمی,پژو آر دی (RD) بنزینی,دنده‌ای,بنزین,"‏۲۹۰,۰۰۰,۰۰۰ تومان",290000000,سالم,سالم و پلمپ,سالم و پلمپ,رنگ‌شدگی در ۲ ناحیه,,اردی مدل ۸۴ بیمه تا برج ۹ ۴ تا لاستیک نو باطری نو کولر روشن روکش نو اتاق کیپ و بدون صدا بدون هزینه فقط مصرف کننده,2026-09-26T02:41:29.152646
gaOCuhwf,https://divar.ir/v/gaOCuhwf,آردی مدل 84,ماه پیش در تهران، فلاح، میدان ابوذر,tehran، fallah,۲۷۰۰۰۰,270000,۱۳۸۴ - ۲۰۰۵,یشمی,پژو آر دی (RD) بنزینی,دنده‌ای,بنزین,"‏۲۳۰,۰۰۰,۰۰۰ تومان",230000000,سالم,سالم و پلمپ,سالم و پلمپ,خط و خش جزیی,,"با سلام 
آردی مدل 84 بیمه 11 ماه و معاینه فنی 11 ماه
موتور سالم دیسک و صفحه تازه عوض شده و خیلی چیزای دیگه...
شاسی سالم",2026-09-26T02:42:36.393828
gaOmNMZe,https://divar.ir/v/gaOmNMZe,پژو آردی مدل 1380,ماه پیش در تهران، چوب تراش، خ گل آرا,tehran، chub-tarash,۴۰۰۰۰۰,400000,۱۳۸۰ - ۲۰۰۱,عدسی,پژو آر دی (RD) بنزینی,دنده‌ای,بنزین,"‏۲۱۰,۰۰۰,۰۰۰ تومان",210000000,سالم,سالم و پلمپ,سالم و پلمپ,خط و خش جزیی,,"جلو عقب ستون‌ها سالم
فنی سالم 
معاینه فنی دارد",2026-09-26T02:42:43.684891
ga2uVgv0,https://divar.ir/v/ga2uVgv0,اردی مدل ۸۴ یشمی,۱۱ ساعت پیش در تهران، حافظیه، خ مسیل منوچهری,tehran، hafezie,۲۱۹۰۰۰,219000,۱۳۸۴ - ۲۰۰۵,یشمی,پژو آر دی (RD) بنزینی,دنده‌ای,بنزین,"‏۳۵۰,۰۰۰,۰۰۰ تومان",350000000,سالم,تعیین‌نشده,تعیین‌نشده,سالم و بی‌خط و خش,سالم و پلمپ,"اردی مدل ۸۴ بدون رنگ 
فنی در حد صفر 
کمی خرج داره که از قیمت کم میکنم
برای اطلاعات بیشتر تماس بگیرید",2026-09-26T02:43:59.515747
ga2KkFIq,https://divar.ir/v/ga2KkFIq,پژو آردی RDi مدل ۸۴,۱۳ ساعت پیش در تهران، افسریه شمالی، خ اسرافیلی چهل و پنجم,tehran، afsariyeh,۴۷۰۰۰۰,470000,۱۳۸۴ - ۲۰۰۵,یشمی,پژو آر دی آی (RDi) بنزینی,دنده‌ای,بنزین,"‏۲۸۰,۰۰۰,۰۰۰ تومان",280000000,سالم,سالم و پلمپ,ضربه‌خورده,رنگ‌شدگی در ۴ ناحیه,سالم و پلمپ,"رنگ یشمی، کارکرد ۴۷۰، دارای بیمه و معاینه فنی
شاسی جلو سالم، شاسی عقب ضرب دیدگی.

در کل سالمه و در حال استفاده هست.",2026-09-26T02:44:10.416971
ga16y1y0,https://divar.ir/v/ga16y1y0,خودرو آر دی,دیروز در تهران، حکیمیه، خ نَشوه,tehran، hakimiyeh,۲۰۰۰۰۰,200000,۱۳۸۰ - ۲۰۰۱,خاکستری,پژو آر دی (RD) بنزینی,,بنزین,"‏۲۸۰,۰۰۰,۰۰۰ تومان",280000000,سالم,سالم و پلمپ,سالم و پلمپ,خط و خش جزیی,,"خودرو آر دی،برا سال ۱۳۸۰،
بنزینی میباشد",2026-09-26T02:45:03.770469
gapI6sJg,https://divar.ir/v/gapI6sJg,فروش حواله خو‌درو با مآ,۳ ماه پیش در تهران، بلوار کشاورز، بلوار کشاورز,tehran، bolvar-e-keshavarz,۶۹۶۰۰۰,696000,قبل از ۱۳۶۶ - قبل از ۱۹۸۷,نارنجی,پژو آر دی (RD) دوگانه سوز LPG,,بنزین,"‏۴,۵۵۰,۰۰۰,۰۰۰ تومان",4550000000,تعیین‌نشده,تعیین‌نشده,تعیین‌نشده,دوررنگ,,"سلام 


روز بخیر",2026-09-26T02:45:15.850091
gay2lZWJ,https://divar.ir/v/gay2lZWJ,پژو آردی سالم ترو تمیز واقعی,۳ روز پیش در تهران، آذربایجان,tehran، azarbaijan,۵۰۰۰۰۰,500000,۱۳۸۴ - ۲۰۰۵,یشمی,پژو آر دی (RD) دوگانه سوز CNG,دنده‌ای,دوگانه‌سوز شرکتی,"‏۲۶۵,۰۰۰,۰۰۰ تومان",265000000,سالم,سالم و پلمپ,سالم و پلمپ,سالم و بی‌خط و خش,سالم و پلمپ,"با سلام یک دستگاه پژو آردی 
خریدار محترم ماشین  شهرستان میباشد 
پژو آردی.. بدنه بدون خط و خش.. بدون موج ..بدون بتونه ..ماشین جلو و عقب پلمپ.. شاسی ها سالم ..جلو و عقب فقط و فقط ضربه ترافیکی دارد.. فنی سالم.. دوگانه سوز سی ان جی  ..بالن تاریخ دار .. داخل کابین ترو تمیز..تمام آمپرها و ادوات برقی سالم .. ماشین سالم و خوش قیمت.. 
خریدار محترم ماشین شهرستان آذربایجان شرقی میباشد",2026-09-26T02:46:11.095437
gayOC4fr,https://divar.ir/v/gayOC4fr,خد‌‌مات فروش حواله خودرو,۳ روز پیش در تهران، آرژانتین، خ دهم,tehran، arjantin,۸۵۹۰۰۰,859000,قبل از ۱۳۶۶ - قبل از ۱۹۸۷,بژ,پژو آر دی (RD) دوگانه سوز LPG,,بنزین,"‏۹,۰۰۰,۰۰۰,۰۰۰ تومان",9000000000,تعیین‌نشده,تعیین‌نشده,تعیین‌نشده,دوررنگ,,"سلام شبو روز خوش

درب منزل شما مالک کل‌کشور",2026-09-26T02:46:20.357965
gaP-LO-3,https://divar.ir/v/gaP-LO-3,پژو آردی ۸۱,۴ هفته پیش در تهران، اوقاف، خ دوازدهم شرقی,tehran، oghaf,۵۸۲۰۰۰,582000,۱۳۸۱ - ۲۰۰۲,سفید صدفی,پژو آر دی (RD) دوگانه سوز CNG,دنده‌ای,دوگانه‌سوز دستی,"‏۳۲۰,۰۰۰,۰۰۰ تومان",320000000,سالم,سالم و پلمپ,سالم و پلمپ,دوررنگ,سالم و پلمپ,"سلام
پژو آردی ۸۱ دوگانه CNG 
هیدرولیک 
دلکو مگنت
کلاچ اهرمی
بیمه ۶ماه
کولر نیاز به سرویس دارد",2026-09-26T02:47:12.032393
gauK9_ks,https://divar.ir/v/gauK9_ks,ماشین آردی ۸۴,۶ روز پیش در تهران، خواجه نظام الملک، خ شیخ صفی,tehran، khaje-nezam-molk,۲۵۰۰۰۰,250000,۱۳۸۴ - ۲۰۰۵,یشمی,پژو آر دی (RD) بنزینی,دنده‌ای,بنزین,"‏۴۵۰,۰۰۰,۰۰۰ تومان",450000000,سالم,تعیین‌نشده,تعیین‌نشده,رنگ‌شدگی در ۳ ناحیه,سالم و پلمپ,"ماشین اردی ۸۴,سبز یشمی کاملا فنی سالم وظاهری زیبا وشکیل اصلا مدلش نه به فنی نه ظاهرش نمیخوره بدون هیچ خرجی ماشین اصلا استفاده نمیشه ماله یک آدم ماشین بازه کاملآ خرج کرده فقط شیشه جلو ش یک ترک کوچک داره وکاپوت جلوش یک تیگه رنگ کوچک داره بیمه دارد",2026-09-26T02:48:19.599994
gamCukM-,https://divar.ir/v/gamCukM-,پژو آردی مدل ۸۵ بنزینی,هفته پیش در تهران، پونک، بلوار میرزابابایی,tehran، poonak,۳۲۲۰۰۰,322000,۱۳۸۵ - ۲۰۰۶,سرمه‌ای,پژو آر دی (RD) بنزینی,دنده‌ای,بنزین,"‏۲۶۴,۰۰۰,۰۰۰ تومان",264000000,سالم,ضربه‌خورده,ضربه‌خورده,دوررنگ,سالم و پلمپ,"معاوضه نمیکنم ،
آردی بنزینی ،  معاینه تا اول مهر ۱۴۰۶ یکسال داره ، موتور ۱۶۰۰ دور رنگ ،پالونی ها سالم است ، فرمان هیدرولیک  سرمه ای ، شاسی ها غیر پلمپ ، سقف و ستون رنگ نداره  
  بدون روغن سوزی و دود  
بیمه ۶ ماه ، کولر کار نمیکنه نیاز به تعمیر دارد 

 آپشن اضافه : مخزن گاز داره قابل راه اندازی و‌حتی فروش هست .
( مخزن جای تخفیف منظور میشه پولش و‌نمیگیرم  ) 

دلال و واسطه  تماس نگیره لطفا",2026-09-26T02:48:26.324801
gauuzBgQ,https://divar.ir/v/gauuzBgQ,پژو آردی مدل 85اقساطی با کاپی ،باجت ،کالانو،,۶ روز پیش در تهران، ظهیرآباد، خ فردوس,tehran، zahireabad,۲۴۰۰۰۰,240000,۱۳۸۵ - ۲۰۰۶,آبی,پژو آر دی (RD) بنزینی,دنده‌ای,بنزین,"‏۲۶۰,۰۰۰,۰۰۰ تومان",260000000,سالم,سالم و پلمپ,سالم و پلمپ,خط و خش جزیی,,"✅بدون پیش پرداخت 
✅با یک برگ چک 
✅تحویل آنی 
✅با رتبه A,B,C",2026-09-26T02:48:34.297460
gaMagTeO,https://divar.ir/v/gaMagTeO,پژو RD انژکتور مدل ۸۳,ماه پیش در تهران، چهارصد دستگاه، خ پیروزی,tehran، charsad-dastgah,۲۲۶۰۰۰,226000,۱۳۸۳ - ۲۰۰۴,سبز,پژو آر دی (RD) بنزینی,دنده‌ای,بنزین,"‏۲۶۵,۰۰۰,۰۰۰ تومان",265000000,سالم,سالم و پلمپ,سالم و پلمپ,خط و خش جزیی,سالم و پلمپ,"پژو RD انژکتور مدل ۱۳۸۳
 رنگ: سبز یشمی خاص
 کارکرد: ۲۲۶هزار کیلومتر
 فنی کاملاً سالم
 موتور و گیربکس سالم
شاسی عقب و جلو پلمپ 
بی رنگ بدنه چند خط جزئی دارد
 کولر و بخاری سالم 
بیمه ندارد

 قیمت: ۲۶۵ میلیون تومان 
 برای هماهنگی تماس بگیرید",2026-09-26T02:49:29.672301
gasmNtWi,https://divar.ir/v/gasmNtWi,پژو اردی مدل ۸۳,هفته پیش در تهران، فردوس، خ اعتمادیان,tehran، kooy-e-ferdos,۵۴۹۰۰۰,549000,۱۳۸۳ - ۲۰۰۴,سبز,پژو آر دی آی (RDi) بنزینی,دنده‌ای,بنزین,"‏۳۰۰,۰۰۰,۰۰۰ تومان",300000000,سالم,ضربه‌خورده,سالم و پلمپ,خط و خش جزیی,سالم و پلمپ,"انژکتور هیدرولیک
سالم میباشد مصرفیها انجام شده مدارک کامل 
فقط مصرف کننده۰تخفیف دارد۰
بامشتری کنار میام۰",2026-09-26T02:49:41.755857
gab2wjhD,https://divar.ir/v/gab2wjhD,پژو اردی i مدل ۸۲,۳ هفته پیش در تهران، تهرانپارس غربی، خ علیدوستی,tehran، west-tehranpars,۳۰۰۰۰۰,300000,۱۳۸۲ - ۲۰۰۳,طوسی,پژو آر دی آی (RDi) بنزینی,دنده‌ای,بنزین,"‏۲۹۵,۰۰۰,۰۰۰ تومان",295000000,سالم,ضربه‌خورده,سالم و پلمپ,رنگ‌شدگی در ۲ ناحیه,سالم و پلمپ,"پژو اردی i مدل ۸۲ فنی موتوری درجه ۱
کاپوت و گلگیر رنگ 
بدون روغن ریزی و روغن سوزی
دف بدونه زوزه 
جلوبندی کامل نو کردم 
کولر روشن یخچال 
لاستیک ۷۰ درصد 
ماشین هیدرولیک انژکتور کولر دار میباشد  
بیمه معاینه ۶ ماه",2026-09-26T02:50:32.360818
gaqWdokJ,https://divar.ir/v/gaqWdokJ,پرو آردی ۸۴,هفته پیش در تهران، سرتخت، خ پاکدامن,tehran، sartakht-rey,۴۰۰۰۰۰,400000,۱۳۸۴ - ۲۰۰۵,یشمی,پژو آر دی (RD) بنزینی,دنده‌ای,بنزین,"‏۲۵۰,۰۰۰,۰۰۰ تومان",250000000,سالم,ضربه‌خورده,ضربه‌خورده,دوررنگ,تعمیر شده,"اردی ۸۴ 
موتور گریبکس تعمیر شده 
بدنه رسیدگی میخواد 
باتری هم لازم داره 
شیشه عقب هم تو جنگ شکسته
بازدید اخر هفته ها",2026-09-26T02:50:40.763196
gaq6DEbz,https://divar.ir/v/gaq6DEbz,ماشین آردی مدل ۸۲,هفته پیش در تهران، شهرک دانشگاه، بلوار دانشجو,tehran، shahrak-daneshgahi,۳۰۰۰۰۰,300000,۱۳۸۲ - ۲۰۰۳,یشمی,پژو آر دی (RD) بنزینی,دنده‌ای,بنزین,"‏۴۲۰,۰۰۰,۰۰۰ تومان",420000000,سالم,سالم و پلمپ,سالم و پلمپ,خط و خش جزیی,سالم و پلمپ,"کارکرد ۳۰۰۰۰۰ کیلومتر
قیمت:۴۲۰۰۰۰ میلیون",2026-09-26T02:50:52.278819
ganG8dBK,https://divar.ir/v/ganG8dBK,پژو اردی ۸۵,هفته پیش در تهران، ابوذر,tehran، abouzar,۳۰۳۵۲۰,303520,۱۳۸۵ - ۲۰۰۶,آبی,پژو آر دی (RD) دوگانه سوز CNG,دنده‌ای,دوگانه‌سوز شرکتی,"‏۳۶۰,۰۰۰,۰۰۰ تومان",360000000,سالم,سالم و پلمپ,سالم و پلمپ,خط و خش جزیی,,اردی مدل ۸۵دوگانه کارخانه فنی سالم,2026-09-26T02:51:42.280164
gamK56i7,https://divar.ir/v/gamK56i7,آردی مدل ۸۳/ سلامت/فنی سالم/هیدرولیک,هفته پیش در تهران، تهران‌نو,tehran، tehran-no,۲۴۳۰۰۰,243000,۱۳۸۳ - ۲۰۰۴,سایر,پژو آر دی (RD) بنزینی,دنده‌ای,بنزین,"‏۲۷۵,۰۰۰,۰۰۰ تومان",275000000,سالم,تعیین‌نشده,تعیین‌نشده,صافکاری بی‌رنگ,سالم و پلمپ,"باسلام 
اردی مدل ۱۳۸۳ 
فنی سالم 
جلوبندی تازه نوسازی شده 
لاستیک ها ۹۰ درصد 
معاینه فنی تازه هفته پیش گرفتم 
مناسب برای طرح فرسوده هم میباشد 
فرمون هیدرولیک

خواهشاً لطفاً پشت تلفن یا تو چت تقاضای تخفیف نکنید ماشینو ببینید تخفیف در حد شیرینی معامله",2026-09-26T02:51:50.409957
gal-IaAJ,https://divar.ir/v/gal-IaAJ,پژو آردی,هفته پیش در تهران، دردشت، خ پنجم,tehran، dardasht,۲۵۰۰۰۰,250000,۱۳۸۳ - ۲۰۰۴,طوسی,پژو آر دی (RD) بنزینی,دنده‌ای,بنزین,"‏۲۴۰,۰۰۰,۰۰۰ تومان",240000000,سالم,تعیین‌نشده,تعیین‌نشده,دوررنگ,تعمیر شده,"مونور تازه تعمیر، گیربکس  تازه عوض شده، ، ماشین چند سال زود خواب بوده، تک برگ سند، 
صندوق عقب پوسیدگی داره",2026-09-26T02:52:46.412294
galCigQJ,https://divar.ir/v/galCigQJ,پژو آردی RD,هفته پیش در تهران، شادمان، خ شادمهر,tehran، shadman,۲۵۰۰۰۰,250000,۱۳۸۱ - ۲۰۰۲,سفید,پژو آر دی (RD) دوگانه سوز CNG,دنده‌ای,دوگانه‌سوز شرکتی,"‏۲۶۰,۰۰۰,۰۰۰ تومان",260000000,سالم,سالم و پلمپ,سالم و پلمپ,دوررنگ,سالم و پلمپ,"با سلام
پژو آردی مدل ۱۳۸۱ سفید دوگانه سوز دور رنگ شاسی سالم لاستیک عقب نو لاستیک جلو شصت درصد بیمه تا برج نه موتور گیربکس ‌سواری عالی داخل فابریک سالم بدون ترک و پوسیدگی",2026-09-26T02:52:55.685061
gaheLrqG,https://divar.ir/v/gaheLrqG,RD1383,۲ هفته پیش در تهران، دروازه شمیران، خ واسعی,tehran، darvazeh-shemiran,۲۶۰۰۰۰,260000,۱۳۸۳ - ۲۰۰۴,طوسی,پژو آر دی (RD) بنزینی,دنده‌ای,بنزین,"‏۳۶۰,۰۰۰,۰۰۰ تومان",360000000,سالم,ضربه‌خورده,سالم و پلمپ,رنگ‌شدگی در ۱ ناحیه,سالم و پلمپ,"ماشین کاملا سالم کارکرد واقعی به صورت جزعی لیسه دارد و قری ریز مقدار کمی کف صندوق پوسیدگی و قری
شاسی جلو به علت ترک بابت کمک فنر خراب ترک داشته که جوش کاری شده 
ماشین از نظر فنی کاملا سالم جلوبندی کاملا سالم و تعویض شده 
ترمز ها تقویت شده لاستیک عقب ۹۵ درصد لاستیک جلو ۵۰ درصد لاستیک ها ۱ سال هست نصب شده 
باتری قبل ار عید نصب شده 
ماشین دادی سیستم صوتی پایونیر همراه با ظبط بلوتوث داد و رم خور 
ماشین فقط نیاز به یک عدد چراغ عقب داده 
ماشین اماده به سفر بهتر از پراید و ماشین های هم قیمت و هم مدل خود میباشد 
ماشین فاقد هرگونه صدای اضافه",2026-09-26T02:53:48.728129
gaeWHKff,https://divar.ir/v/gaeWHKff,پژو آردی بدون مشابه,۲ هفته پیش در تهران، تهرانپارس شرقی، میدان شاهد,tehran، east-tehranpars,۲۸۰۰۰۰,280000,۱۳۸۴ - ۲۰۰۵,یشمی,پژو آر دی (RD) بنزینی,دنده‌ای,بنزین,"‏۴۵۰,۰۰۰,۰۰۰ تومان",450000000,سالم,سالم و پلمپ,سالم و پلمپ,رنگ‌شدگی در ۱ ناحیه,سالم و پلمپ,"اگه دنبال یه آردی سرحال و جمع‌وجور می‌گردی، این گزینه رو از دست نده 

 مدل: ۱۳۸۴
 دو تکه رنگ
 موتور تقویت شده
 تمامی مصرفی‌ها به‌تازگی تعویض شده
 لاستیک‌ها نو
 ماشین از نظر فنی سرحال و آماده استفاده
 مناسب مصرف شخصی و کار

ماشین رو سوار شو و راه بیفت؛ خرج مصرفی‌هاش انجام شده و نیاز به هزینه اولیه نداره.
لطفاً فقط خریدار واقعی تماس بگیره، پای معامله جای تخفیف جزئی هست. 

 تماس فقط خریدار واقعی",2026-09-26T02:54:52.557467
gadamB73,https://divar.ir/v/gadamB73,پژو آردی انژکتور مدل 83 کم کار,۲ هفته پیش در تهران، تاکسیرانی، خ قیام,tehran، taxirani,۱۳۹۰۰۰,139000,۱۳۸۳ - ۲۰۰۴,یشمی,پژو آر دی آی (RDi) بنزینی,دنده‌ای,بنزین,"‏۲۸۵,۰۰۰,۰۰۰ تومان",285000000,سالم,سالم و پلمپ,سالم و پلمپ,خط و خش جزیی,سالم و پلمپ,کولر روشن فنی سالم بعد از 22 سال 13900 کارکرد داره برای مصرف زیر پا,2026-09-26T02:55:42.258666
gadKSpjr,https://divar.ir/v/gadKSpjr,آردی مدل ۸۳,۲ هفته پیش در تهران، تهرانسر غربی، خ چهاردهم,tehran، tehransar-gharbi,۱۱۱۱۱,11111,۱۳۸۳ - ۲۰۰۴,سبز,پژو آر دی (RD) بنزینی,دنده‌ای,بنزین,"‏۳۲۰,۰۰۰,۰۰۰ تومان",320000000,سالم,سالم و پلمپ,سالم و پلمپ,خط و خش جزیی,سالم و پلمپ,ماشین فوق العاده سالم شاسی ها سالم وپلمپ,2026-09-26T02:55:52.080373
gacuo0xt,https://divar.ir/v/gacuo0xt,فروش نقد اقساط پژو اردی موتور روا,۲ هفته پیش در تهران، تهرانپارس غربی,tehran، west-tehranpars,۱۰۰۰۰۰,100000,۱۳۸۳ - ۲۰۰۴,یشمی,پژو آر دی آی (RDi) بنزینی,دنده‌ای,بنزین,"‏۳۸۰,۰۰۰,۰۰۰ تومان",380000000,سالم,سالم و پلمپ,سالم و پلمپ,رنگ‌شدگی در ۲ ناحیه,سالم و پلمپ,"فروش پژو اردی رخ ۴۰۵  
با پراید یا پراید دنده اتومات معاوض دارم 
با موتور یا گوشی ایفون معاوض دارم 
شرایط نقد اقساط هم دارم باقی نقد میخوام اردی ۸۳ انژکتور بسیار تمیز عکس ها گویای همه چی هست اطراف رنگ شدی داره فنی موتوری سالم سلامت  از سمت شاگرد فشار داشته قبلن درست شده سمت راننده وعقب پلمپ.  لاستتیک جلو نو  عقب ۷۰ درصد  روکش صندلی  لنت ها نو  شمع وایز نو  روغن موتور وگیبربکس وکلیه فیلترها نو  بیمه معاینه فعال  موتور تعویض نو ماشین اسب زین شده اماده مسافرت  با قیمت یه موتورماشین خوب سوار شید",2026-09-26T02:56:00.867331
gaZSYb5P,https://divar.ir/v/gaZSYb5P,پژو آردی,۳ هفته پیش در تهران، والفجر (افسریه)، خ شهید تقاضایی,tehran، valfajr-afsarieh,۳۳۰۰۰۰,330000,۱۳۸۵ - ۲۰۰۶,سبز,پژو آر دی (RD) بنزینی,دنده‌ای,بنزین,"‏۳۸۰,۰۰۰,۰۰۰ تومان",380000000,سالم,ضربه‌خورده,سالم و پلمپ,خط و خش جزیی,تعمیر شده,"پژو آردی مدل ۸۵ 
تمیز فقط شسته نشده",2026-09-26T02:56:08.092000
gaVS7RVh,https://divar.ir/v/gaVS7RVh,اردی مدل ۸۴,۳ هفته پیش در تهران، یافت آباد جنوبی، خ نسترن دوم,tehran، yaftabad,۲۲۲۰۰۰,222000,۱۳۸۴ - ۲۰۰۵,سرمه‌ای,پژو آر دی (RD) بنزینی,دنده‌ای,بنزین,"‏۳۸۰,۰۰۰,۰۰۰ تومان",380000000,سالم,سالم و پلمپ,سالم و پلمپ,سالم و بی‌خط و خش,سالم و پلمپ,"اردی مدل ۸۴ رنگ سرمه ای 
انژکتور 
ماشین سالم فنی سالم 
شاسی ها عقب وجلو کاملا پلمپ میباشد 
بیمه تا پایان سال دارد معاینه فنی  دارد 
خلاصه ماشین کاملا سالم سالم میباشد 

قیمت ۳۸۰ میلیون",2026-09-26T02:57:08.436045
gaUWS5py,https://divar.ir/v/gaUWS5py,اردی مدل ۷۹ کم کارکرد  پیکان ۷۸ چند سال خواب,۳ هفته پیش در تهران، شهرک دانشگاه شریف، خ گلستان,tehran، sharif,۲۸۰۰۰۰,280000,۱۳۷۹ - ۲۰۰۰,آبی,پژو آر دی (RD) بنزینی,دنده‌ای,بنزین,"‏۲۵۰,۰۰۰,۰۰۰ تومان",250000000,سالم,سالم و پلمپ,سالم و پلمپ,رنگ‌شدگی در ۳ ناحیه,سالم و پلمپ,اردی مدل ۷۹ فابریک رنگی ابی ۴ لکه رنگ صندلی ها داخل کابین در حد بیمه ۸ ماه شاسی سالم کارهای ماشین یه واشر گلو اکزوز و چرخ سمت راننده بلبرنگ میخواد پیکان ۷۸ بی رنگ سالم شاسی پلمپ کم کار کرد بازدید جمعه,2026-09-26T02:57:19.638165
gaTaUf6T,https://divar.ir/v/gaTaUf6T,اردی روا ۸۵,۳ هفته پیش در تهران، جنت‌آباد مرکزی، کنارگذر آبشناسان,tehran، central-janat-abad,۴۸۰۰۰۰,480000,۱۳۸۵ - ۲۰۰۶,نوک‌مدادی,پژو آر دی آی (RDi) بنزینی,دنده‌ای,بنزین,"‏۳۵۵,۰۰۰,۰۰۰ تومان",355000000,تعیین‌نشده,تعیین‌نشده,تعیین‌نشده,رنگ‌شدگی در ۲ ناحیه,,"آردی نوکمدادی مدل ۸۵ 
بیمه و معاینه فنی دارد
توسایت نوسازی ثبت شده",2026-09-26T02:57:26.058972
gaRypEaD,https://divar.ir/v/gaRypEaD,پژو آردی ۸۴,۴ هفته پیش در تهران، فیروزآبادی، خ شهید حسین یزدی,tehran، firuzabadi,۲۹۳۰۰۰,293000,۱۳۸۴ - ۲۰۰۵,یشمی,پژو آر دی آی (RDi) بنزینی,دنده‌ای,بنزین,"‏۳۳۰,۰۰۰,۰۰۰ تومان",330000000,سالم,سالم و پلمپ,سالم و پلمپ,دوررنگ,سالم و پلمپ,"موتور تعمیر شده ، 
دینام تعویض شده 
دیسک و صفحه تعویض شده 
سالم و سلامت 
بیمه تا دیماه، معاینه یکسال",2026-09-26T02:58:13.783469
gaQaSwW1,https://divar.ir/v/gaQaSwW1,فروش پژو ار دی,۴ هفته پیش در تهران، دردشت، خ جانبازان شرقی,tehran، dardasht,۲۸۰۰۰۰,280000,۱۳۸۳ - ۲۰۰۴,سبز,پژو آر دی (RD) بنزینی,دنده‌ای,بنزین,"‏۳۹۰,۰۰۰,۰۰۰ تومان",390000000,سالم,سالم و پلمپ,سالم و پلمپ,خط و خش جزیی,,"پژو ار دی مدل 83 
موتور انژکتور 
فنی و لاستیک سالم، روکش صندلی نو 
یکسال بیمه بدنه
بدون رنگ دارای دو سه لکه کوچک خوردگی",2026-09-26T02:59:18.268133
QaPDr9CG,https://divar.ir/v/QaPDr9CG,پژو RDi ۸۳ انژکتور نقد اقساط معاوضه با موتور,۵ ماه پیش در تهران، تهرانپارس غربی، فلکه سجادیه,tehran، west-tehranpars,۱۰۰۰۰۰,100000,۱۳۸۳ - ۲۰۰۴,یشمی,پژو آر دی آی (RDi) بنزینی,دنده‌ای,بنزین,"‏۳۸۰,۰۰۰,۰۰۰ تومان",380000000,سالم,سالم و پلمپ,سالم و پلمپ,دوررنگ,سالم و پلمپ,"فروش پژو اردی رخ ۴۰۵ 
با پراید یا پراید دنده اتومات معاوض دارم
با موتور یا گوشی ایفون معاوض دارم
شرایط نقد اقساط هم دارم  باقی نقد میخوام
اردی ۸۳ انژکتور بسیار تمیز عکس ها گویای همه چی هست اطراف رنگ شدی داره فنی موتوری سالم سلامت 
از سمت شاگرد فشار داشته قبلن درست شده سمت راننده وعقب پلمپ. 
لاستتیک جلو نو 
عقب ۷۰ درصد 
روکش صندلی نو 
لنت ها نو 
شمع وایز نو 
روغن موتور وگیبربکس وکلیه فیلترها نو 
بیمه معاینه فعال 
موتور تعویض نو
ماشین اسب زین شده اماده مسافرت 
با قیمت یه موتورماشین خوب سوار شید",2026-09-26T03:00:17.917112
gaz-Zaz1,https://divar.ir/v/gaz-Zaz1,آردی مدل 84 یشمی متالیک,پریروز در تهران، شهرک صدرا,tehran، azadi-sport-complex,۳۷۰۰۰۰,370000,۱۳۸۴ - ۲۰۰۵,یشمی,پژو آر دی (RD) بنزینی,دنده‌ای,بنزین,"‏۲۵۷,۰۰۰,۰۰۰ تومان",257000000,سالم,سالم و پلمپ,سالم و پلمپ,صافکاری بی‌رنگ,سالم و پلمپ,با سلام ماشین سالم فنی سالم بیرنگ شاسی ها سالم تو دوزی سالم لاستیکا 80درصد بیمه 9ماه ماینه 10ماه ظبط باند داره دوزگیر خوب داره دو سه تا فقد صافکاری بیرنگ سوده قیمت خوب گزاشتم بره وتشکر از دیوار,2026-09-26T03:00:26.784621
gawWrLid,https://divar.ir/v/gawWrLid,پژو آردی مدل 1383,۴ روز پیش در تهران، جنت‌آباد شمالی، خ فجر,tehran، north-janat-abad,۳۰۰۰۰۰,300000,۱۳۸۳ - ۲۰۰۴,بژ,پژو آر دی آی (RDi) بنزینی,دنده‌ای,دوگانه‌سوز دستی,"‏۲۲۰,۰۰۰,۰۰۰ تومان",220000000,سالم,سالم و پلمپ,سالم و پلمپ,تمام‌رنگ,نیاز به تعمیر جزئی,پژو آردی مدل 1383 دوگانه سوز,2026-09-26T03:00:34.915167
gatiVmlH,https://divar.ir/v/gatiVmlH,اردی,هفته پیش در تهران، اتابک,tehran، atabak,۱۷۳۰۰۰,173000,۱۳۸۲ - ۲۰۰۳,یشمی,پژو آر دی (RD) بنزینی,دنده‌ای,بنزین,"‏۲۸۰,۰۰۰,۰۰۰ تومان",280000000,سالم,سالم و پلمپ,سالم و پلمپ,دوررنگ,سالم و پلمپ,"اردی مدل ۸۲ 
شاستی ها پلمپ 
موتور پلمپ 
دینام  استارت  پلمپ 
کارکرد  ۱۷۳ هزارتا  واقعی 
از سال ۸۲ دست خودم بودن 
۲.۳ تیکه رنگ داره  اما به اسم دور رنگ میفروشم   سقف ستون  پلمپ 
معاینه فنی    ۱۱ ماه 
بیمه تا برج ۱
چراغ جلو هدلایت 
کاربراتوری",2026-09-26T03:00:41.371010
galqrKb_,https://divar.ir/v/galqrKb_,پژو ار دی Rd 1382 انژکتور +کولر روشن,هفته پیش در تهران، دولت‌آباد,tehran، dowlatabad-rey,۱۴۴۰۰۰,144000,۱۳۸۲ - ۲۰۰۳,یشمی,پژو آر دی آی (RDi) بنزینی,دنده‌ای,بنزین,"‏۳۳۵,۰۰۰,۰۰۰ تومان",335000000,سالم,سالم و پلمپ,سالم و پلمپ,سالم و بی‌خط و خش,سالم و پلمپ,"ماشین سند دست اول فروش پارسال بوده 
تمیز .سالم بدون تصادف بدون داستان 
اماده انتقال سند صاف بریم تعویض پلاک 
بیمه ۱۰ ماه 
معاینه ۱۰ ماه 
کولر قندیل 
رادیات باطری دینام استارت نو 
شمع وایز سوزن انژکتور ها نو شده
داخلش تمیز و مرتب 
علت فروش من ماشین نو سوار بودم اصلا نمیتونم ارتباط برقرار کنم باهاش میخوام صفر بخرم  قیمت مقطوع ۱ریال کم نمیکنم 
از ۱۶۰ تومن اردی هست برای خرید .",2026-09-26T03:01:37.289157
gajGejM0,https://divar.ir/v/gajGejM0,اردی مدل ۸۴,۲ هفته پیش در تهران، بریانک، خ دوست قرین,tehran، beryanak,۳۰۰۰۰۰,300000,۱۳۸۴ - ۲۰۰۵,یشمی,پژو آر دی (RD) دوگانه سوز CNG,دنده‌ای,دوگانه‌سوز دستی,"‏۲۵۰,۰۰۰,۰۰۰ تومان",250000000,سالم,سالم و پلمپ,سالم و پلمپ,دوررنگ,,"مدل ۸۴ سبز یشمی
خط وخش جزیی 
شاسی جلو پلمب شاسی عقب پلمب
آفتاب سوختگی نداره
لاستیک۷۰درصد
بیمه ۶ماه داره
دور رنگ
موتور سالم
دوگانه سی ان جی
بعدبا این قیمت باید هوندا سوار شد ماشین نمیدن",2026-09-26T03:01:44.361993
gafq_hEP,https://divar.ir/v/gafq_hEP,پژو آردی ۲۰۰۰,۲ هفته پیش در تهران، فیروزآبادی، خ قربانی,tehran، firuzabadi,۲۹۰۰۰۰,290000,۱۳۸۴ - ۲۰۰۵,یشمی,پژو آر دی آی (RDi) بنزینی,دنده‌ای,بنزین,"‏۳۳۵,۰۰۰,۰۰۰ تومان",335000000,تعیین‌نشده,تعیین‌نشده,تعیین‌نشده,دوررنگ,سالم و پلمپ,"پژو آردی یشمی 
مدل ۸۴
کارکرد ۲۹۰.۰۰۰ 
یکسال خوابیده
بیمه ۶ ماه",2026-09-26T03:02:37.383073
gaXKdMPS,https://divar.ir/v/gaXKdMPS,پژو آردی (RD),۳ هفته پیش در تهران، هلال احمر، خ اسکندری,tehran، helal-ahmar-tehran,۳۰۰۰۰۰,300000,۱۳۸۴ - ۲۰۰۵,سبز,پژو آر دی (RD) بنزینی,دنده‌ای,بنزین,"‏۲۸۰,۰۰۰,۰۰۰ تومان",280000000,سالم,سالم و پلمپ,سالم و پلمپ,رنگ‌شدگی در ۱ ناحیه,سالم و پلمپ,پژو آردی مد1384 (2005),2026-09-26T03:02:44.148847
gaSGMy2I,https://divar.ir/v/gaSGMy2I,پژو ار دی مدل ۸۴,۳ هفته پیش در تهران، دستغیب، خ کریمی کوهی,tehran، shahid-dastgheyb,۳۰۰۰۰۰,300000,۱۳۸۴ - ۲۰۰۵,یشمی,پژو آر دی آی (RDi) بنزینی,دنده‌ای,بنزین,"‏۲۸۰,۰۰۰,۰۰۰ تومان",280000000,سالم,ضربه‌خورده,تعیین‌نشده,دوررنگ,,"پژو اردی مناساب ثبت نام خودرو فرسوده
دور رنگ، شاسی جلو ضربه داره",2026-09-26T03:03:39.919035
gaM-mPWA,https://divar.ir/v/gaM-mPWA,پژو RD آردی مدل 1381 کلکسیونی,ماه پیش در تهران، استاد معین، بزرگراه شهید سعیدی,tehran، ostad-moein,۱۹۷۰۰۰,197000,۱۳۸۱ - ۲۰۰۲,یشمی,پژو آر دی (RD) بنزینی,دنده‌ای,بنزین,"‏۳۰۰,۰۰۰,۰۰۰ تومان",300000000,سالم,سالم و پلمپ,سالم و پلمپ,سالم و بی‌خط و خش,سالم و پلمپ,"RD مدل 1381
بدنه کامل بدون رنگ
خط و خش خیلی جزئی
کاربراتور ، کولر ندارد
4 حلقه رینگ و لاستیک به مبلغ 30 میلیون انداخته شده
بیمه برج 2 به مبلغ 14 میلیون انجام شده
کارکرد 197 هزار واقعی
فرمان هیدرولیک
بخاری روشن
گرمکن شیشه عقب فعال
روغن و تمامی فیلترها یک هفته پیش تعویض شده
مناسب مصرف کننده ، توضیحات بیشتر تماس
(( بازدید همدان ))",2026-09-26T03:04:45.483109
gagivSsv,https://divar.ir/v/gagivSsv,Rd مدل 84,۲ هفته پیش در تهران، نارمک جنوبی، خ کریمی,tehran، south-narmak,۴۵۰۰۰۰,450000,۱۳۸۴ - ۲۰۰۵,طوسی,پژو آر دی (RD) بنزینی,دنده‌ای,بنزین,"‏۲۹۵,۰۰۰,۰۰۰ تومان",295000000,سالم,سالم و پلمپ,سالم و پلمپ,رنگ‌شدگی در ۱ ناحیه,سالم و پلمپ,"عقب جلو سالم
۲ تیکه رنگ
رینگ و لاستیک ۱۴
بیمه تا برج ۱۲",2026-09-26T03:06:33.873060
